flight_id,scheduled_departure_hour,planned_capacity,passenger_count,load_factor_percent,baggage_count,total_baggage_weight_kg,average_baggage_weight_kg,staff_required,staff_available,staff_availability_pct,baggage_progress_pct,unresolved_incidents,time_remaining_minutes,delay_occurred
UK-633,15,307,271,88.30218091521816,4,96.30341355053136,24.075853387632844,12,10,83.33,51,0,25,1
BA-6017,7,195,169,86.91641206755192,5,86.82959872015239,17.365919744030478,9,6,66.67,60,3,103,0
BA-7303,13,171,141,82.79207296277588,2,28.531801770060877,14.265900885030437,10,4,40.0,42,1,71,1
KL-7243,15,327,288,88.10054208482607,3,59.58551308245448,19.861837694151493,12,8,66.67,81,0,22,1
SG-1280,19,180,178,98.94737545,4,46.62881377963996,11.65720344490999,8,7,87.5,80,1,100,0
AF-7400,20,230,203,88.42694924925559,1,30.914759702333416,30.914759702333416,10,10,100.0,67,0,82,0
KL-5794,20,217,197,90.82926351038084,0,0.0,0.0,10,4,40.0,35,1,68,1
AF-8222,9,294,288,98.26960753107858,3,75.72103790127687,25.24034596709229,12,4,33.33,53,0,95,1
EK-6988,13,249,258,103.97218232927314,2,25.461377200054564,12.730688600027282,7,7,100.0,65,1,131,0
KL-8872,7,249,186,75.05062774506132,2,20.035602396730106,10.017801198365053,8,8,100.0,48,0,194,0
KL-5723,12,338,308,91.15166150708102,4,48.33980522,12.0849513,12,8,66.67,87,0,128,0
SG-3304,9,307,271,88.37884138139597,1,26.00238570391408,26.00238570391408,8,5,62.5,82,3,202,1
6E-4777,18,282,266,94.45641532447377,2,58.925481267663216,29.462740633831608,8,8,100.0,96,3,211,0
6E-5154,4,337,353,105.0,4,84.61445537961036,21.15361384490259,10,8,80.0,100,0,84,0
SG-226,8,316,257,81.46420640443478,2,25.243401139731063,12.621700569865531,9,5,55.56,98,2,100,1
AF-3272,1,232,223,96.15692351653256,6,109.823160692699,18.303860115449837,8,6,75.0,97,0,214,0
KL-7419,20,310,264,85.20231619388682,6,122.0849648653509,20.34749414422515,11,11,100.0,67,0,237,0
IX-5116,14,243,193,79.57818783767917,1,20.620482314002004,20.620482314002004,10,10,100.0,75,0,34,1
QR-973,8,178,164,92.62126447571308,1,5.217820720792023,5.217820720792023,7,7,100.0,82,2,119,0
UK-5452,11,328,236,72.20020095985298,1,28.81946043502988,28.81946043502988,9,9,100.0,47,1,51,1
EK-610,4,290,240,82.77792051325947,0,0.0,0.0,11,11,100.0,65,0,115,0
IX-7340,15,250,205,82.22590049522798,7,102.93609550217757,14.70515650031108,11,7,63.64,38,1,147,1
SG-3215,8,252,185,73.61141580727448,1,30.27683607300065,30.27683607300065,7,7,100.0,53,1,215,0
SG-9349,23,207,170,82.51834127956323,3,25.17483164612081,8.391610548706938,9,7,77.78,47,2,165,0
AF-7771,11,169,155,91.75650210027833,2,39.01285236535011,19.506426182675057,10,10,100.0,57,0,132,0
AF-5192,5,296,256,86.61537317908251,3,72.47434051962377,24.158113506541252,6,6,100.0,35,3,102,0
IX-3850,9,323,261,80.90112389875657,4,59.85811906,14.96452976,9,6,66.67,88,1,62,1
6E-6656,18,164,123,75.52306204,4,81.23037067549555,20.307592668873887,7,6,85.71,49,0,135,0
EK-4838,16,223,169,76.03967178827405,2,41.304669680950425,20.652334840475213,11,5,45.45,99,1,182,0
SG-3014,2,258,270,105.0,2,44.25248961536019,22.12624480768009,10,6,60.0,49,0,97,1
IX-6265,3,276,252,91.46367606363476,3,41.49328558749637,13.831095195832123,9,6,66.67,55,1,77,1
LH-2984,20,163,143,87.96405233378168,2,42.40465066846478,21.20232533423239,6,6,100.0,53,2,52,1
SQ-157,21,322,308,95.93291067,1,8.666888408,8.666888408,6,6,100.0,94,0,33,0
BA-2502,16,336,290,86.49884013,3,51.7825844780234,17.260861492674465,8,5,62.5,67,0,181,0
EK-2405,16,315,232,73.78841437963482,2,34.16172433596114,17.08086216798057,8,8,100.0,83,0,208,0
EK-7794,3,214,189,88.48414266246401,6,87.62872367,14.604787278310733,12,8,66.67,69,1,151,0
EK-1004,10,332,258,78.00407834680088,2,57.414734879721294,28.707367439860647,7,7,100.0,78,1,235,0
SQ-7231,12,282,241,85.51887381921811,1,25.16696044222569,25.16696044222569,9,4,44.44,45,0,78,1
AF-9002,18,209,176,84.49461724887635,3,44.30434327011367,14.768114423371223,9,8,88.89,100,0,176,0
6E-8868,19,199,179,90.25146210848328,4,67.82885239825643,16.957213099564107,12,12,100.0,80,2,102,0
EK-6112,7,213,196,92.02419021663746,6,82.28473886,13.714123143315083,11,5,45.45,43,2,153,1
SQ-4907,16,338,267,79.23536678833196,3,22.94712725645895,7.649042419,11,4,36.36,37,0,140,1
6E-6305,13,161,144,89.57718449514029,2,26.834227144970257,13.417113572485128,12,12,100.0,60,0,196,0
AF-479,2,322,278,86.43358978898183,3,45.350061622559785,15.116687207519927,11,11,100.0,82,0,187,0
KL-6711,7,301,266,88.44347116341442,5,85.29381661,17.05876332181894,8,8,100.0,100,0,102,0
EK-8800,16,166,150,90.90206384912295,1,25.97158909,25.97158909,9,9,100.0,62,0,212,0
SQ-803,22,169,131,77.82879792918024,2,44.30403412087034,22.15201706043517,12,11,91.67,60,2,216,0
EK-4291,1,327,286,87.66707581689546,3,47.86359688846893,15.95453229615631,9,4,44.44,59,0,46,1
SQ-9887,14,269,226,84.21253178312178,5,106.12066666720636,21.224133333441277,6,6,100.0,46,1,99,0
EK-9617,13,242,188,77.83429982216451,2,47.37952016430607,23.689760082153036,8,4,50.0,39,3,153,1
SQ-6550,15,223,172,77.56579351496696,2,57.56146077945312,28.78073038972656,10,10,100.0,82,1,32,0
EK-2880,14,340,309,91.08802418728186,3,37.67559566,12.558531885135134,8,4,50.0,71,2,83,1
EK-3350,21,328,331,101.10900458925936,2,37.50831284294424,18.75415642147212,12,6,50.0,78,0,209,0
QR-3827,15,305,260,85.48943668980606,1,27.36207817418829,27.36207817418829,10,7,70.0,49,1,166,0
6E-7010,13,183,180,98.80764396,3,58.56647140945939,19.522157136486463,6,6,100.0,77,0,223,0
EK-5845,19,323,296,91.78655978338487,2,36.84058689700797,18.420293448503983,12,9,75.0,82,1,99,0
EK-6783,12,278,240,86.67372701,1,14.918128421810351,14.918128421810351,7,7,100.0,80,1,142,0
IX-8612,1,328,241,73.64328438174863,3,33.78960769597828,11.263202565326091,9,9,100.0,77,0,62,1
LH-9802,3,245,209,85.63637947224714,3,32.6777191,10.892573031975566,6,5,83.33,55,1,221,1
SG-6270,10,269,272,101.2461423780318,4,78.52564354858939,19.631410887147347,9,9,100.0,57,1,108,1
AF-4478,11,208,176,84.75944247,1,21.016695130174085,21.016695130174085,11,6,54.55,81,0,167,0
LH-5876,6,253,226,89.65379101963707,0,0.0,0.0,7,7,100.0,49,3,114,1
BA-7353,23,334,279,83.59482588353289,3,31.78024819910398,10.593416066367991,7,6,85.71,59,2,215,0
KL-8143,9,297,288,96.98785477841338,1,11.524700686796857,11.524700686796857,6,6,100.0,70,1,191,0
SG-4587,6,188,160,85.48896152043497,4,115.25202753884824,28.81300688471206,7,5,71.43,85,0,170,0
LH-2754,6,209,200,95.89193190096232,3,60.157225168667495,20.052408389555836,10,9,90.0,49,1,21,1
UK-2300,15,302,237,78.48806460649132,2,42.7376231412084,21.3688115706042,7,6,85.71,55,0,139,0
AI-6498,5,256,227,88.78647536036848,3,73.10354722366948,24.36784907455649,9,6,66.67,47,0,41,1
AF-3244,10,313,272,87.17628665720277,3,79.41337206635433,26.471124022118108,9,9,100.0,53,1,134,0
AI-2503,6,212,174,82.53625973996543,4,83.22621648467646,20.806554121169118,12,10,83.33,68,1,76,0
EK-9487,2,337,273,81.28806970592036,0,0.0,0.0,9,8,88.89,86,0,91,0
KL-1369,7,206,180,87.44953525,3,40.213577370505575,13.404525790168526,12,10,83.33,61,3,26,1
QR-7106,17,334,293,87.81465888211063,1,10.000228045354817,10.000228045354817,9,9,100.0,63,2,225,0
AF-6145,8,315,287,91.2577691,1,20.41415786407689,20.41415786407689,10,4,40.0,62,1,203,0
AF-8958,0,228,208,91.45966286291782,0,0.0,0.0,12,10,83.33,69,0,138,0
KL-1638,1,216,142,66.00713725656453,0,0.0,0.0,8,8,100.0,42,1,214,0
AI-4570,1,297,231,77.95965829,3,60.63974043267508,20.213246810891693,11,11,100.0,50,2,133,0
SG-2202,12,250,203,81.20505406809274,9,139.8078633526457,15.534207039182856,6,4,66.67,70,1,35,1
SG-5021,1,335,309,92.53460287450451,3,43.98518948250096,14.661729827500322,9,7,77.78,64,1,102,0
6E-3158,16,313,241,77.27771539304385,2,35.91908686817975,17.959543434089873,7,7,100.0,52,1,198,0
LH-1938,15,186,148,79.91660212979664,9,160.12372971636722,17.791525524040804,9,7,77.78,36,0,229,0
BA-7454,7,283,216,76.39965752510221,3,52.979616796227255,17.659872265409085,7,6,85.71,83,0,227,0
EK-9363,1,233,202,87.08896826319011,1,25.13607309263804,25.13607309263804,11,11,100.0,38,1,91,1
SG-1728,0,217,172,79.66426319934865,3,60.5228030519912,20.17426768399707,11,5,45.45,41,0,143,1
IX-620,8,185,172,93.46932714908732,2,43.07504500409533,21.537522502047665,11,7,63.64,73,1,132,0
UK-3659,3,330,281,85.25573432659517,2,17.438479026148432,8.719239513074216,7,7,100.0,47,2,31,1
SQ-913,15,299,289,96.71272522361274,0,0.0,0.0,9,5,55.56,65,1,145,1
SQ-9296,22,241,175,72.71054866111366,4,86.27883867311363,21.569709668278406,11,11,100.0,97,0,72,0
AI-7892,12,179,148,82.76053361980135,6,124.61326031684854,20.76887671947476,10,10,100.0,90,3,94,1
BA-2412,17,279,258,92.71393057040396,6,103.94338390594535,17.32389731765756,12,4,33.33,76,0,152,1
AI-2019,1,178,139,78.46833614429927,3,65.11653965841782,21.705513219472607,7,6,85.71,95,0,46,0
SG-9541,1,328,315,96.03777287005524,6,79.63982177929223,13.273303629882038,7,7,100.0,76,0,159,1
KL-9646,1,236,198,83.99897406,1,25.410337093964547,25.410337093964547,9,8,88.89,90,0,164,0
AF-1366,21,248,211,85.31054789881553,4,69.41084732158666,17.352711830396665,7,7,100.0,70,1,153,0
AF-6626,9,227,220,97.00437590538944,5,122.0948747037244,24.41897494074488,7,7,100.0,41,0,116,0
EK-3211,19,227,192,84.74622530112521,1,6.048624797446445,6.048624797446445,11,5,45.45,88,0,24,1
6E-6601,19,267,214,80.18812739514395,2,50.02554613487455,25.012773067437276,9,9,100.0,35,0,76,0
UK-7267,14,306,285,93.19422705016476,4,72.61377358620133,18.153443396550333,11,9,81.82,78,1,175,0
SG-1658,22,245,216,88.35894385,0,0.0,0.0,12,8,66.67,79,2,97,1
UK-766,15,336,306,91.36827186268556,3,81.67208524791585,27.224028415971947,12,12,100.0,81,3,88,1
SQ-9477,17,255,215,84.47477195410151,0,0.0,0.0,11,4,36.36,47,1,137,1
EK-1305,2,280,227,81.11385891538023,6,146.9580666157735,24.49301110262892,12,8,66.67,56,1,139,1
SG-9327,6,253,256,101.45241319313264,2,54.28395923830686,27.14197961915343,9,9,100.0,55,1,78,1
6E-1600,22,285,226,79.31421831571997,1,21.75098624926388,21.75098624926388,6,6,100.0,43,0,52,1
UK-1694,20,212,191,90.22378905217124,2,27.328017979418327,13.664008989709163,11,9,81.82,60,3,81,1
AI-3819,15,271,263,97.37272741,2,28.145799554896065,14.072899777448033,10,9,90.0,43,1,69,1
QR-1348,12,187,158,84.75222878358768,1,18.973828789934725,18.973828789934725,10,10,100.0,49,0,131,0
KL-8509,8,176,184,105.0,2,25.717021047552976,12.858510523776488,7,7,100.0,44,0,38,1
SG-4660,11,199,181,90.96191936416152,3,80.95918459313545,26.98639486437848,12,11,91.67,76,1,233,0
6E-6657,11,204,165,81.26156544023898,0,0.0,0.0,10,10,100.0,58,3,216,0
IX-9058,20,212,170,80.24112455914437,2,60.421609560573046,30.210804780286523,7,7,100.0,83,1,142,0
SQ-5646,7,299,254,85.19893961207107,2,36.93942928827536,18.46971464413768,6,6,100.0,60,0,213,0
AF-8417,7,176,158,90.32551109060132,4,70.47479091667054,17.618697729167636,9,6,66.67,71,1,66,1
IX-6653,16,224,189,84.71322172727139,6,116.73941568100338,19.45656928016723,9,6,66.67,84,3,186,0
SG-1523,9,270,240,88.89472136818685,4,77.73604431082221,19.434011077705552,9,9,100.0,58,0,215,0
SQ-7323,2,283,213,75.28445623947079,5,124.29477889012573,24.85895577802514,10,8,80.0,53,0,52,1
KL-2382,4,280,191,68.44311297712238,2,29.297882250172577,14.648941125086289,6,6,100.0,94,1,160,0
SQ-1308,22,188,193,102.86328013073746,4,47.49887364314054,11.874718410785135,10,10,100.0,73,0,103,0
SQ-3327,7,234,201,85.95811878,2,47.815466284811286,23.907733142405643,12,9,75.0,52,1,201,0
AI-7056,9,292,303,104.03044240795576,2,31.99514591040831,15.997572955204156,10,5,50.0,53,0,154,0
AI-1622,12,264,211,80.16809103365553,3,50.34833445,16.78277815,6,6,100.0,70,0,98,0
QR-1207,0,261,225,86.41778815972401,12,198.4173135395693,16.534776128297445,6,6,100.0,89,1,234,0
UK-6491,6,187,159,85.38437842109687,1,27.369426637854662,27.369426637854662,12,9,75.0,81,0,33,1
IX-9430,17,316,308,97.69994196495053,4,61.00240523,15.25060131,6,6,100.0,83,2,234,0
IX-8271,0,331,298,90.19154133009482,2,43.312800171150286,21.656400085575143,6,4,66.67,67,0,166,0
SG-8985,4,317,290,91.61740513009272,5,69.49489239,13.89897847803966,9,9,100.0,55,0,147,0
KL-7523,5,269,242,90.09445266263738,4,77.56003084899191,19.39000771224798,12,9,75.0,56,0,73,1
SG-7379,7,333,298,89.54068186574588,3,76.13409215830782,25.37803071943594,8,6,75.0,82,1,240,0
SQ-2851,17,228,185,81.20691705054111,0,0.0,0.0,8,8,100.0,71,3,167,0
KL-4882,9,266,253,95.34942549787668,0,0.0,0.0,6,5,83.33,49,1,48,1
SG-319,4,234,230,98.60744113120283,4,56.64304440352013,14.160761100880032,8,8,100.0,69,1,43,0
SQ-1959,9,257,220,85.92767779150128,2,20.583903054918903,10.291951527459451,8,6,75.0,66,1,101,0
KL-3685,23,251,222,88.47041211953022,8,143.81551195416125,17.976938994270157,6,6,100.0,45,0,82,1
6E-3046,4,265,270,102.14945263146852,3,34.55975780772114,11.51991926924038,8,8,100.0,44,1,221,0
LH-5149,10,180,155,86.40665661,2,26.60289528,13.30144764,10,9,90.0,91,1,124,0
IX-5970,11,166,161,97.57299206300767,2,50.65441977233229,25.327209886166145,7,7,100.0,59,2,76,0
SG-5686,9,322,235,73.27597559192746,4,80.02192642310668,20.00548160577667,12,6,50.0,36,0,155,0
IX-8671,19,226,199,88.11992976444326,4,93.57646028105486,23.39411507026372,7,7,100.0,98,3,237,0
KL-1664,11,322,338,105.0,2,40.14492598283216,20.07246299141608,6,4,66.67,69,0,81,1
IX-5622,1,309,275,89.29419450970367,2,42.805198406440574,21.402599203220287,9,7,77.78,41,1,176,1
UK-5473,22,252,202,80.42236841724944,1,26.218919398746475,26.218919398746475,12,4,33.33,52,0,221,0
UK-8354,6,165,132,80.25010400047002,4,109.54517732855776,27.386294332139443,6,4,66.67,76,0,36,1
SQ-1713,17,253,210,83.32860425048987,7,96.09551416600272,13.727930595143246,9,9,100.0,73,2,85,0
BA-1812,9,274,209,76.62049265689352,1,15.546901586449398,15.546901586449398,7,7,100.0,75,1,25,1
QR-4214,15,302,274,91.04741453642518,2,53.83769548726141,26.918847743630707,6,6,100.0,58,3,77,1
KL-7767,18,168,141,84.27458054086316,3,60.46576810960088,20.155256036533626,12,6,50.0,94,1,88,0
AI-1245,17,314,232,74.04764223321219,2,29.53229186852948,14.766145934264738,12,4,33.33,80,2,175,1
AI-5203,23,294,242,82.48053419,3,73.96831294893684,24.65610431631228,11,9,81.82,53,1,81,0
6E-2370,6,169,150,88.77008290580778,3,69.95884938316829,23.319616461056096,10,5,50.0,76,2,188,0
EK-2621,15,311,318,102.5032476501862,2,46.69905912041536,23.34952956020768,8,8,100.0,66,0,216,0
IX-3108,12,329,308,93.79427768766614,3,39.72939705858556,13.243132352861856,9,8,88.89,73,3,101,1
IX-2230,17,319,274,86.04399414221741,3,49.27037398446888,16.423457994822957,11,10,90.91,70,1,237,0
BA-3336,4,219,195,89.14137440550674,0,0.0,0.0,8,5,62.5,70,1,231,0
IX-1939,21,294,231,78.90115661709208,0,0.0,0.0,8,8,100.0,37,0,188,0
QR-4449,21,266,200,75.39537605199502,3,40.69307629776922,13.564358765923076,6,5,83.33,42,1,196,0
AI-9248,11,217,178,82.13722392731036,2,32.42593019515768,16.212965097578838,8,7,87.5,75,0,238,0
AI-4516,11,162,145,89.98422892302345,5,98.81689589,19.76337917790828,10,4,40.0,47,2,196,0
IX-8965,11,177,152,85.96774641453253,8,117.40430955030598,14.675538693788248,12,8,66.67,83,0,223,1
QR-1193,23,188,191,101.71167027158812,3,57.56321954085762,19.18773984695254,11,11,100.0,94,1,90,0
EK-3615,20,192,174,91.02784557457558,3,70.97901583616232,23.65967194538744,8,4,50.0,36,2,150,0
SG-4289,21,214,169,79.21791884,4,105.61002280388266,26.402505700970664,6,6,100.0,94,0,29,0
AI-9965,4,254,243,95.93126345689537,2,38.32338132508305,19.161690662541524,10,10,100.0,39,0,117,1
SQ-1316,16,240,196,81.95402253,3,59.71323075824854,19.904410252749518,7,7,100.0,78,0,108,0
QR-6730,20,259,211,81.67002509450525,5,100.66993281983666,20.133986563967333,12,10,83.33,61,0,54,0
BA-2824,4,273,229,84.11190931152181,5,104.30785663645628,20.86157132729125,12,6,50.0,66,1,227,1
AI-7356,21,324,293,90.69355269797522,2,23.26923982934305,11.634619914671523,11,4,36.36,55,1,21,1
IX-9901,16,231,221,95.85861970458105,3,51.01971929,17.006573095527166,12,8,66.67,42,1,143,0
AF-3478,22,274,242,88.46147459871693,0,0.0,0.0,8,5,62.5,84,2,43,1
SG-3100,16,249,216,86.82829800393898,2,43.07975382356354,21.53987691178177,6,6,100.0,78,3,93,0
LH-8057,3,253,229,90.62884821714042,5,89.05281313743721,17.810562627487442,12,11,91.67,92,3,185,0
UK-4323,11,186,176,94.69053354385063,3,71.66025141832957,23.886750472776523,12,12,100.0,37,0,41,1
UK-9282,16,221,208,94.42911310120265,1,14.306672357793122,14.306672357793122,7,5,71.43,36,1,173,1
SQ-233,17,275,270,98.52578802302152,4,56.56171847794732,14.14042961948683,7,6,85.71,78,2,190,1
IX-4409,22,177,165,93.54486590399355,3,48.87136788273751,16.290455960912503,9,6,66.67,36,0,202,1
IX-6307,15,200,154,77.49948105739965,2,14.770709692445736,7.385354846222868,10,4,40.0,69,0,58,1
AI-1307,11,268,238,88.81498174437287,6,136.01449997674223,22.66908332945704,8,8,100.0,64,2,238,0
KL-5652,13,194,150,77.77303674,5,72.26228196158648,14.452456392317297,12,9,75.0,42,3,176,1
KL-3878,7,267,250,93.86051849,4,60.14696137309711,15.036740343274278,12,11,91.67,56,3,39,1
EK-7943,16,247,179,72.50633876500244,3,67.85031045027638,22.61677015009213,6,6,100.0,78,0,238,0
SQ-8273,20,216,194,89.93730487765443,2,63.192554056096256,31.596277028048128,9,8,88.89,92,0,60,0
SG-6568,11,230,206,89.57947924,0,0.0,0.0,10,6,60.0,70,0,201,1
UK-8944,9,286,260,91.08630489396336,1,21.434423730327826,21.434423730327826,9,8,88.89,65,0,167,0
EK-2827,14,187,142,76.03662291064379,4,84.81238809,21.20309702184548,11,8,72.73,81,0,127,0
AF-6744,22,202,181,90.05468446281178,1,30.16493110646742,30.16493110646742,10,8,80.0,89,0,166,0
6E-7869,4,212,181,85.41152207147596,4,90.17095865744272,22.54273966436068,12,6,50.0,96,0,103,0
LH-4440,4,300,294,98.11709572,4,79.00121441809152,19.75030360452288,12,7,58.33,64,1,130,0
EK-6820,10,174,118,68.24551652857849,2,18.938413897565106,9.469206948782553,10,10,100.0,89,2,85,0
EK-793,22,192,151,79.07355896287316,2,45.02418478372337,22.512092391861685,12,12,100.0,50,0,177,0
EK-7730,23,322,264,82.01663058107901,4,78.50758731690482,19.626896829226204,8,5,62.5,46,0,72,1
IX-5781,1,269,232,86.46675960916447,1,16.264118667583734,16.264118667583734,10,10,100.0,51,1,53,1
SQ-6053,18,339,288,85.12568908034459,1,8.262464890784532,8.262464890784532,9,9,100.0,50,0,169,0
SG-695,7,216,212,98.14930001007616,1,22.25347734484449,22.25347734484449,10,10,100.0,46,3,86,1
SG-6339,10,323,296,91.73529698873124,2,36.01223178099314,18.00611589049657,12,11,91.67,42,3,153,0
AI-7900,21,316,252,79.93627674378368,1,28.413028601513123,28.413028601513123,8,6,75.0,37,3,226,0
QR-8928,4,333,275,82.75911214588301,1,7.135980780706977,7.135980780706977,8,8,100.0,50,1,46,0
IX-9151,13,167,140,84.15396708606973,2,24.52013044020905,12.260065220104526,11,4,36.36,64,3,29,1
KL-4683,22,267,206,77.38420510849716,3,54.667023287678575,18.222341095892855,9,9,100.0,57,1,92,0
KL-9182,14,166,130,78.41802444,1,5.286337785245614,5.286337785245614,7,4,57.14,39,0,115,1
SG-842,23,201,200,99.80099291,1,18.09396007696325,18.09396007696325,7,7,100.0,99,3,67,0
EK-5423,6,290,214,73.91445745456014,2,54.950608149905776,27.475304074952888,10,4,40.0,64,0,89,1
6E-5020,7,214,189,88.62212131,0,0.0,0.0,11,4,36.36,55,1,206,0
QR-7939,3,266,232,87.22421085409796,4,76.32676126348557,19.08169031587139,6,6,100.0,56,1,119,0
KL-5084,3,333,305,91.80355015,5,69.78293436121203,13.956586872242406,10,5,50.0,66,0,78,1
IX-5690,16,270,206,76.54308311735865,3,48.985618126198105,16.32853937539937,11,8,72.73,67,0,21,1
6E-1798,10,286,283,99.23757521695224,4,71.850809,17.96270225072345,9,9,100.0,50,0,176,0
EK-457,7,306,260,85.21270153581928,2,18.62729402556706,9.313647013,9,9,100.0,72,0,215,0
SG-8364,23,225,196,87.44831369746608,1,22.18653283307789,22.18653283307789,9,6,66.67,48,0,84,0
EK-6631,15,327,282,86.30181783891422,2,38.69048709191608,19.34524354595804,9,9,100.0,70,3,102,0
EK-9831,11,242,211,87.46476733758662,1,11.765776827801051,11.765776827801051,9,6,66.67,57,2,173,1
AF-7270,13,331,284,86.07236541166479,2,57.74466303690739,28.87233151845369,11,9,81.82,100,0,236,0
IX-3528,21,206,153,74.71559365223727,1,11.59851848839632,11.59851848839632,11,9,81.82,36,0,29,1
6E-947,15,183,147,80.35516745757535,5,68.22918667003492,13.645837334006984,8,6,75.0,99,1,72,0
AI-1917,10,337,309,91.73519560204208,2,41.55319948583888,20.77659974291944,7,7,100.0,86,1,98,0
EK-8643,9,337,304,90.47588912793672,1,13.094380253276164,13.094380253276164,12,6,50.0,96,3,78,0
SQ-1452,17,241,228,94.98185857109202,3,54.761325384259216,18.253775128086406,9,9,100.0,57,2,169,0
AF-6643,22,239,224,93.83368491014122,1,24.11566693447301,24.11566693447301,6,6,100.0,60,1,198,0
UK-8795,21,161,154,95.71003017303278,4,73.37636226613844,18.34409056653461,12,4,33.33,89,3,67,1
KL-2467,0,176,162,92.06116159285942,4,47.75038811807754,11.937597029519385,11,7,63.64,40,3,168,0
SQ-7120,22,330,280,85.14426135952193,4,70.45120661463417,17.612801653658543,6,6,100.0,69,0,142,0
AI-3812,6,255,260,102.29220566657666,2,52.20978389558374,26.10489194779187,6,6,100.0,56,2,41,1
BA-9843,15,190,186,98.28386974085784,1,19.147207834845577,19.147207834845577,6,6,100.0,77,1,119,0
LH-2863,2,200,181,90.50432090776562,3,56.60036928297676,18.86678976099225,8,8,100.0,49,2,117,1
QR-4569,4,243,226,93.15703072,4,81.98467881679227,20.496169704198067,11,4,36.36,94,0,177,0
IX-3247,6,305,231,75.93610752315483,4,89.08754545107413,22.271886362768534,6,6,100.0,46,0,44,0
LH-3746,19,311,271,87.23067093324777,2,39.05048159019799,19.525240795098995,9,9,100.0,83,2,47,1
AF-8737,11,273,274,100.40095987172737,4,72.94441884293083,18.236104710732707,10,4,40.0,76,0,212,0
SG-2795,3,231,178,77.15999910544105,2,38.90473884643988,19.45236942321994,6,6,100.0,72,0,132,1
IX-4341,22,195,189,97.31378574,1,23.74517365264036,23.74517365264036,8,8,100.0,79,2,64,1
6E-4387,11,218,197,90.72231425024712,2,28.30873114238039,14.154365571190194,12,5,41.67,69,1,87,0
BA-6696,6,280,287,102.65172053598218,4,74.05557905245942,18.513894763114852,11,8,72.73,64,1,26,1
BA-5939,9,190,164,86.47376779191983,1,29.58792094083176,29.58792094083176,8,4,50.0,64,0,68,0
BA-2309,21,333,294,88.44776490164605,0,0.0,0.0,6,6,100.0,40,0,156,0
LH-4309,23,324,251,77.52387197771435,2,43.06157914486544,21.53078957243272,11,9,81.82,41,0,183,0
AF-2392,23,307,279,91.09081656751762,3,42.54068133005818,14.180227110019391,10,7,70.0,86,2,102,0
IX-7856,0,235,199,84.79316131437717,4,58.33187719304474,14.582969298261183,6,6,100.0,48,0,148,0
AF-9084,12,313,293,93.81428511047024,5,96.30248094222875,19.260496188445757,8,7,87.5,49,2,157,0
KL-5181,14,281,246,87.60238180738256,2,38.36836787426429,19.184183937132143,7,7,100.0,55,3,183,0
QR-233,23,223,188,84.36533780645958,3,51.49983590793568,17.16661196931189,9,9,100.0,69,0,92,0
6E-2755,12,213,154,72.38869604487273,4,59.23568093972908,14.80892023493227,12,8,66.67,100,0,65,0
AF-5291,12,253,219,86.9421181,5,85.05998977,17.011997953365743,8,7,87.5,36,0,125,0
LH-5086,4,271,269,99.52314699442756,3,73.88620673109416,24.62873557703139,11,5,45.45,69,0,179,0
LH-9919,4,298,259,87.01832940153636,9,158.2855737386552,17.587285970961688,6,6,100.0,54,0,51,0
UK-7523,6,283,205,72.60119539,1,5.792285254400421,5.792285254400421,9,6,66.67,44,3,25,1
EK-5638,14,200,183,91.76243034384186,2,41.97304482834858,20.98652241417429,6,6,100.0,59,2,195,0
UK-903,6,294,267,91.08261870018823,6,77.80388778750111,12.967314631250185,11,7,63.64,100,3,185,0
LH-9847,2,176,150,85.58574159803484,6,143.8717905580843,23.97863175968072,6,6,100.0,59,0,164,0
QR-8993,23,311,267,86.02241094755345,5,79.33605343548082,15.867210687096163,7,7,100.0,88,0,93,0
KL-237,17,248,204,82.54808587200823,5,80.13286825461826,16.026573650923652,9,9,100.0,67,1,133,0
AF-1788,8,322,301,93.72280654597918,4,80.49480157564102,20.12370039391025,9,9,100.0,70,0,46,0
EK-8594,2,172,148,86.48859445568769,4,83.41455665843888,20.85363916460972,11,9,81.82,48,1,73,0
AF-6776,13,218,175,80.45544363961942,7,136.7353068534731,19.533615264781872,12,11,91.67,99,0,197,0
LH-5509,5,332,266,80.26335054350956,4,82.90349104582599,20.725872761456497,7,7,100.0,88,3,182,0
SQ-6125,21,258,234,91.07839901903957,3,60.33844899264248,20.112816330880825,8,8,100.0,86,1,104,0
AF-3581,23,172,137,79.73074188105348,5,92.48740852441408,18.497481704882816,6,5,83.33,37,1,146,1
6E-8492,5,274,261,95.32440206840658,5,112.75765054595249,22.551530109190494,10,10,100.0,75,1,172,0
SG-6948,5,304,264,87.06392554882551,3,45.797870622456486,15.26595687415216,6,4,66.67,40,1,175,1
LH-4313,11,248,192,77.46575799692174,3,73.69667597031861,24.56555865677287,8,7,87.5,47,3,34,1
IX-8866,17,285,200,70.48692306,5,92.14416779476534,18.428833558953063,6,6,100.0,42,0,151,0
SQ-5065,15,186,153,82.77267941,2,42.20664016054795,21.10332008027397,7,7,100.0,55,1,112,1
SQ-4613,5,315,267,85.04083393,2,48.31629998223315,24.158149991116574,7,7,100.0,59,0,142,0
6E-9352,16,236,206,87.60014204043694,4,84.56874704240236,21.14218676060059,9,8,88.89,79,0,92,0
AF-8037,0,198,185,93.74595029132256,1,11.461546248199738,11.461546248199738,11,11,100.0,94,3,174,0
SG-9788,16,266,205,77.14356429665031,3,30.34579841236248,10.115266137454158,12,4,33.33,46,3,173,1
UK-6143,5,216,219,101.41716221680332,3,62.450315520978855,20.81677184032629,10,10,100.0,66,0,166,0
SG-4647,18,284,269,94.94896404939978,2,47.34556138318993,23.67278069159497,6,6,100.0,47,0,111,0
SQ-7188,17,173,135,78.38469820561346,3,42.35790298322684,14.119300994408947,6,6,100.0,65,2,36,1
SG-1334,5,246,198,80.52948288,1,28.24604324301207,28.24604324301207,8,8,100.0,54,2,62,1
AI-3647,23,232,202,87.15567006633775,2,24.911225233995545,12.455612616997772,11,11,100.0,52,1,140,0
IX-1577,4,277,254,91.90589821,2,42.611471648841615,21.305735824420807,7,7,100.0,94,2,60,0
LH-3652,18,306,249,81.66504429946696,1,12.147072514333384,12.147072514333384,10,10,100.0,97,3,189,0
6E-4509,17,234,215,92.24237280313406,2,42.55093241590728,21.27546620795364,9,4,44.44,40,2,197,1
SG-4979,18,337,314,93.39951644598696,4,70.21639672645766,17.554099181614415,7,7,100.0,66,0,231,0
LH-8677,14,284,257,90.77202093,5,124.57989387317627,24.915978774635256,11,8,72.73,77,0,187,1
6E-6024,22,266,256,96.38319357,3,62.88694354272562,20.96231451424187,12,7,58.33,36,0,58,1
BA-9268,1,234,177,75.82870318661251,3,59.67572865448195,19.891909551493985,9,9,100.0,94,2,132,0
6E-4950,0,289,257,89.17829397560382,1,11.917182534105065,11.917182534105065,12,10,83.33,57,1,170,0
EK-2963,9,207,169,81.78893357719406,5,108.88917443413696,21.77783488682739,8,8,100.0,65,1,130,1
AF-3674,23,185,134,72.87153849491976,6,84.28753913425544,14.047923189042573,8,4,50.0,39,1,199,1
SG-4062,0,339,248,73.18853542043897,2,38.60593623674467,19.30296811837233,6,6,100.0,68,0,66,0
QR-4639,8,329,294,89.45209771227299,3,68.00537190245993,22.668457300819977,12,10,83.33,44,1,82,0
EK-9962,16,327,297,90.89120821,2,48.11701775818527,24.058508879092635,11,6,54.55,36,1,129,1
EK-115,21,298,286,96.08696669988257,7,151.3815835592173,21.62594050845961,10,10,100.0,45,0,88,0
AI-9673,2,284,242,85.25389032614981,6,106.72939515052232,17.78823252508705,9,8,88.89,84,0,62,0
UK-4874,11,333,260,78.10730494275934,1,9.785422989459631,9.785422989459631,7,7,100.0,65,2,195,0
LH-4611,3,165,151,92.12008453568454,5,93.82067921825605,18.764135843651207,11,8,72.73,90,0,53,1
UK-8294,10,229,195,85.38841496,4,51.642066989022965,12.91051674725574,11,11,100.0,43,0,59,1
EK-8068,9,202,174,86.52091756103302,2,42.92104571674592,21.46052285837296,8,7,87.5,55,3,222,0
KL-241,1,173,150,87.03815699103461,1,14.699835190697945,14.699835190697945,12,12,100.0,62,0,80,0
SG-4346,3,192,178,92.87608123669416,3,38.44409704204992,12.81469901401664,6,6,100.0,96,0,197,0
SQ-7054,12,338,299,88.53842484604709,2,50.008867183677424,25.004433591838712,6,6,100.0,41,1,214,1
QR-6167,0,209,171,82.29066052,4,84.89341477058103,21.223353692645254,9,6,66.67,50,2,81,1
LH-979,3,230,214,93.38017401,3,73.89521142684576,24.63173714228192,8,7,87.5,38,1,77,1
6E-295,16,272,216,79.51520085435362,3,58.86799042662136,19.622663475540453,11,11,100.0,38,0,180,0
6E-1827,16,313,270,86.29235899824336,2,50.49803126502424,25.24901563251212,10,9,90.0,74,0,94,0
AF-5913,2,244,203,83.33295469091891,0,0.0,0.0,8,5,62.5,51,0,35,1
EK-6978,23,175,165,94.36673963954571,7,119.18258113551616,17.02608301935945,9,9,100.0,86,1,101,0
AI-4659,2,306,258,84.46182962179134,1,16.19053008031542,16.19053008031542,9,5,55.56,86,3,113,1
KL-2732,19,252,214,85.15771301,3,39.85614832629134,13.285382775430447,8,5,62.5,70,3,67,1
AI-3150,10,309,244,79.14733535071218,5,63.05264992237626,12.610529984475251,9,4,44.44,72,1,157,1
SQ-9287,22,233,177,76.21805482856793,4,60.6023868849348,15.1505967212337,8,6,75.0,84,0,101,0
EK-5707,3,289,256,88.63366429118008,4,105.95988853270626,26.489972133176565,7,7,100.0,97,3,57,0
AF-5353,4,325,281,86.57466536654319,3,53.15086347478292,17.716954491594308,8,8,100.0,97,0,146,0
BA-8120,22,177,167,94.91042574,6,107.03772711975846,17.83962118662641,12,12,100.0,96,3,38,0
QR-3715,13,295,285,96.67889889590336,2,58.415817641372165,29.20790882068608,8,8,100.0,41,2,183,0
SQ-9188,22,303,220,72.90758238148211,2,46.470329855156045,23.235164927578023,9,7,77.78,61,2,206,0
LH-8562,12,245,197,80.76583203316615,1,21.15815593056112,21.15815593056112,12,9,75.0,48,3,82,1
SQ-1712,20,253,235,93.19112204783929,3,37.18885663816212,12.39628554605404,9,8,88.89,39,0,96,1
LH-6040,0,240,162,67.59383463069626,3,58.509302071643575,19.503100690547857,6,6,100.0,89,2,193,0
SG-6153,1,316,271,85.81497435002619,3,58.70662193164366,19.568873977214555,6,4,66.67,36,1,150,1
UK-602,10,185,132,71.60990601560746,0,0.0,0.0,12,4,33.33,96,3,221,0
EK-7278,13,246,189,77.22083214,0,0.0,0.0,7,7,100.0,55,1,121,0
SG-3164,10,254,230,90.83651542253916,2,36.67311523417853,18.336557617089262,6,5,83.33,55,3,84,1
LH-513,7,258,238,92.40617425745496,3,78.67087797621353,26.223625992071177,8,8,100.0,44,0,139,0
QR-4555,16,315,330,105.0,3,43.68015096383749,14.560050321279162,9,4,44.44,92,0,110,0
SQ-6432,10,181,150,83.08730300393569,3,66.07226705643986,22.024089018813285,6,6,100.0,73,0,27,1
IX-8650,19,331,264,80.03784322571886,0,0.0,0.0,6,4,66.67,39,2,198,0
6E-5577,7,307,265,86.55391677970643,2,44.84769391294341,22.423846956471703,7,7,100.0,99,1,228,0
IX-8223,6,162,131,81.29078605,2,57.61202674586576,28.80601337293288,12,12,100.0,47,1,92,1
6E-7941,10,210,183,87.17404455600811,4,64.01881551838866,16.004703879597166,12,4,33.33,87,1,153,0
LH-3345,23,169,148,87.86238738307173,1,31.18470931,31.18470931,11,7,63.64,79,0,126,0
AI-6105,6,307,282,92.05319613705842,4,81.95065548571354,20.487663871428385,7,7,100.0,66,1,108,0
IX-4944,20,170,143,84.38144799215002,4,48.39242685068652,12.09810671267163,8,8,100.0,70,0,58,0
AI-6404,8,291,231,79.4443068,6,86.72530521897318,14.454217536495529,12,11,91.67,94,0,132,0
LH-1113,10,190,156,82.23439599989688,1,27.67084767518115,27.67084767518115,9,4,44.44,45,0,207,0
KL-6897,15,185,172,93.12218641,4,77.86874799602793,19.467186999006984,7,7,100.0,97,2,47,0
SG-1042,12,318,283,89.09035238277842,1,6.342724157595055,6.342724157595055,6,4,66.67,55,3,116,1
AI-8393,18,279,243,87.42559814626331,1,27.92127338085373,27.92127338085373,9,9,100.0,86,0,201,0
AI-5756,11,264,230,87.28739500125117,3,61.00451703923724,20.33483901307908,9,6,66.67,89,3,56,1
AI-4346,6,265,248,93.69263143249582,3,38.11331922461546,12.704439741538486,6,6,100.0,60,3,156,1
UK-6272,2,340,307,90.56430074221414,2,38.73594206643101,19.367971033215504,7,6,85.71,68,2,101,0
QR-8916,4,210,184,88.08731133786598,0,0.0,0.0,6,4,66.67,86,0,75,1
6E-6560,12,280,276,98.92385823485884,3,70.02705186977178,23.34235062325726,11,11,100.0,86,0,206,0
QR-415,12,182,134,74.01502563,2,30.32389400380205,15.161947001901025,9,6,66.67,63,1,104,0
QR-591,17,219,195,89.18193286218853,3,68.41831999657009,22.80610666552336,10,5,50.0,72,2,21,1
QR-7902,21,172,146,85.33946986587664,4,70.50254918946025,17.625637297365063,10,4,40.0,76,1,208,0
LH-492,7,279,264,94.68383334014644,5,107.67529529128927,21.535059058257858,8,6,75.0,55,1,77,1
UK-7438,8,160,150,93.98346055,1,6.586780426858362,6.586780426858362,12,5,41.67,76,0,126,1
LH-2493,2,300,233,77.83357755417421,4,57.61638137,14.404095343555277,6,5,83.33,47,2,142,1
LH-3049,1,160,120,75.14363546806945,3,28.771613845981065,9.590537948660357,6,6,100.0,98,0,207,0
LH-9543,3,176,147,83.77506323836994,0,0.0,0.0,8,4,50.0,51,1,187,1
6E-4166,21,328,297,90.56797320924176,5,73.14902009176376,14.629804018352752,8,5,62.5,43,2,183,1
QR-5519,12,169,152,90.35955650506462,4,62.21549487882123,15.553873719705308,8,8,100.0,75,1,133,0
AF-5336,6,211,158,75.18335849982152,3,33.17668127362563,11.058893757875213,9,6,66.67,35,1,126,1
UK-6672,14,329,295,89.87461122131359,5,98.69192745,19.73838549080794,11,7,63.64,36,3,56,1
SQ-658,17,199,185,93.41865059356716,6,106.27449377658466,17.712415629430776,6,4,66.67,94,2,98,1
IX-1406,11,269,203,75.57006945272819,1,26.80796043,26.80796043,9,9,100.0,82,2,111,0
IX-4880,20,172,138,80.42560649812664,2,26.683474332833605,13.341737166416802,8,8,100.0,63,3,37,1
SQ-2543,21,294,260,88.72005308686956,0,0.0,0.0,6,6,100.0,44,1,117,1
LH-4179,22,309,282,91.41673781277736,1,10.48356051974413,10.48356051974413,9,6,66.67,92,1,82,0
UK-9135,8,289,251,87.11102674273347,8,111.07490800607718,13.884363500759648,11,6,54.55,94,0,169,0
BA-4383,1,288,235,81.84748587965875,2,42.20051200719665,21.100256003598325,9,5,55.56,55,3,158,1
LH-4891,13,199,175,87.95477052443634,2,28.56975396128149,14.284876980640744,11,4,36.36,62,0,205,0
EK-5817,23,302,274,90.90697466515444,1,9.663185429641588,9.663185429641588,8,8,100.0,68,1,204,0
LH-5897,23,175,159,90.91969644,0,0.0,0.0,11,10,90.91,42,3,224,0
6E-8983,19,203,173,85.31169156091049,1,31.84434720061338,31.84434720061338,8,8,100.0,83,2,233,0
LH-2973,1,256,261,102.26773331072404,3,56.745251265695394,18.9150837552318,6,6,100.0,51,0,154,0
AF-3599,6,180,147,81.89429770053405,2,42.43581465566437,21.217907327832187,10,4,40.0,94,0,80,0
EK-9848,5,190,153,80.94995077208391,4,75.11277071744287,18.77819267936072,7,7,100.0,79,0,126,0
SG-4470,12,324,329,101.81540627721196,2,53.95090674,26.97545337243705,11,10,90.91,66,3,73,0
AF-1423,5,302,285,94.59257957322863,1,19.021177344965444,19.021177344965444,7,6,85.71,78,0,107,1
LH-7158,12,199,202,101.93350950070844,3,41.41638462009772,13.805461540032573,7,7,100.0,99,0,87,0
UK-1586,21,284,281,99.11500866,5,119.72603060627846,23.94520612125569,11,10,90.91,42,1,239,0
AI-2637,21,173,153,89.01496093776478,1,18.94569617350241,18.94569617350241,8,8,100.0,77,0,226,0
UK-2699,20,187,190,101.75692941151962,3,69.11879569,23.039598563332238,10,9,90.0,35,3,148,1
AF-5669,5,336,336,100.16841062179194,5,99.84307406586665,19.968614813173325,6,6,100.0,85,0,74,0
EK-6895,7,198,178,90.00852438934525,1,18.438813218601915,18.438813218601915,9,8,88.89,58,3,22,1
EK-5236,16,186,147,79.13495927391342,1,29.64776748913918,29.64776748913918,6,6,100.0,58,0,225,0
AI-6797,7,240,197,82.49661313989532,3,29.08174444436571,9.693914815,9,6,66.67,51,0,185,0
AF-9624,17,311,291,93.75425148187016,5,86.95441158440127,17.390882316880255,6,4,66.67,39,1,140,1
QR-1762,11,283,258,91.25007384,3,46.19569209157993,15.398564030526645,11,11,100.0,54,0,148,0
QR-4287,13,208,183,88.01616688,3,75.13384557931488,25.04461519310496,10,5,50.0,55,0,121,1
BA-9704,18,215,199,92.57513881778203,4,80.89589629590591,20.22397407397648,9,6,66.67,92,2,57,1
KL-2159,14,314,291,92.97056039174744,2,20.350276370329645,10.175138185164824,12,11,91.67,65,2,104,0
SG-9048,21,251,245,97.82330474,3,58.32418977911643,19.44139659303881,8,8,100.0,45,0,176,0
KL-2673,22,247,220,89.18575793255405,5,74.42232717268297,14.884465434536594,6,6,100.0,86,3,152,1
LH-9049,18,250,223,89.54865058653446,2,38.58993991573962,19.29496995786981,6,6,100.0,49,0,221,0
KL-4828,3,216,181,84.19592068913533,2,33.492723244773195,16.746361622386598,9,8,88.89,41,0,111,1
SQ-8555,21,308,263,85.39019628746514,2,46.05864760947272,23.02932380473636,8,8,100.0,62,2,40,0
QR-5242,2,208,171,82.35277630206936,1,11.48202216057198,11.48202216057198,8,8,100.0,85,1,218,0
BA-7601,9,212,156,73.87373060802616,7,126.84294272164766,18.12042038880681,11,10,90.91,92,1,214,0
LH-2541,8,301,279,92.90261713562988,5,107.54490469611252,21.508980939222504,12,5,41.67,39,0,128,1
SQ-4622,23,227,223,98.30818340544654,5,104.16631991219572,20.833263982439146,11,10,90.91,39,1,66,0
BA-5247,0,329,267,81.37126361795875,4,57.41728664210943,14.354321660527358,11,10,90.91,42,1,103,0
UK-6943,11,223,229,102.83264495190129,5,74.35875714,14.87175143,11,4,36.36,98,0,102,0
QR-7707,13,252,229,91.15911834314332,2,43.34781587028027,21.673907935140136,11,10,90.91,44,0,54,1
KL-339,13,199,170,85.73660706,1,11.00992135613228,11.00992135613228,11,8,72.73,72,0,215,0
6E-3212,6,329,284,86.41372396678422,3,46.31560786732154,15.438535955773846,10,6,60.0,42,0,88,1
LH-692,23,235,172,73.58822778,4,81.07649671925404,20.26912417981351,8,6,75.0,59,0,148,0
QR-9282,9,242,192,79.62900272456838,4,75.25428659550005,18.81357164887501,11,7,63.64,100,0,215,0
SQ-9915,13,210,182,86.86434910709463,3,79.80280799898438,26.60093599966146,8,5,62.5,84,0,159,0
SQ-1127,21,203,177,87.46869431273336,2,23.890337000329293,11.945168500164646,8,5,62.5,83,0,207,0
QR-8695,21,297,268,90.31486101,4,98.78157507364436,24.69539376841109,7,4,57.14,70,1,46,1
IX-5707,2,327,276,84.61331733614516,5,102.3363034484809,20.467260689696182,10,8,80.0,75,1,75,0
AF-7517,21,289,207,71.82171234780924,4,90.26834206041272,22.56708551510318,11,7,63.64,96,1,42,1
IX-4294,10,202,177,87.93835194232192,3,53.90868413083195,17.969561376943982,6,5,83.33,44,0,172,0
SG-7608,15,203,192,94.94854329713284,0,0.0,0.0,9,6,66.67,55,3,40,1
6E-6460,0,164,146,89.05243033949944,1,15.426063904451532,15.426063904451532,12,10,83.33,70,0,80,0
KL-3003,7,281,209,74.44085720429771,1,29.97747703226304,29.97747703226304,6,6,100.0,46,1,82,1
LH-4094,19,186,171,92.2116173,1,18.007558167720568,18.007558167720568,10,7,70.0,36,0,141,0
SQ-5271,10,210,206,98.48080352083674,3,45.79795742600915,15.265985808669717,9,8,88.89,47,0,71,0
SQ-1775,17,226,176,78.22547220915386,4,93.62281717,23.40570429297125,10,8,80.0,87,2,107,1
KL-1013,2,189,175,93.05226119082062,3,51.07277572,17.024258571890133,8,8,100.0,66,1,172,0
QR-2567,0,175,169,96.75805868383732,3,62.82512073096988,20.94170691032329,9,9,100.0,50,0,74,1
LH-5230,14,287,257,89.61705502451316,4,49.24415384786223,12.311038461965556,8,5,62.5,66,1,65,1
6E-8601,20,272,246,90.48722072208216,1,29.537464216796742,29.537464216796742,6,6,100.0,66,0,51,0
SQ-1356,6,339,293,86.52711116555828,5,112.20480967738663,22.44096193547733,6,6,100.0,45,0,74,1
IX-5834,22,228,198,86.95431365434216,4,90.71813618310186,22.679534045775466,9,7,77.78,44,3,115,1
LH-2094,9,221,220,99.57194585528404,0,0.0,0.0,9,9,100.0,49,0,152,0
AI-3092,16,193,175,91.13646149619215,3,54.036435200963695,18.012145066987898,11,11,100.0,51,1,55,0
SQ-9451,11,232,203,87.70998223866812,1,5.655034586154035,5.655034586154035,10,4,40.0,74,0,129,1
EK-4652,2,184,170,92.43839500638084,3,55.22925549581593,18.40975183193864,11,11,100.0,52,1,196,0
BA-9094,22,310,251,80.98993889712615,2,24.91600471240193,12.458002356200964,10,10,100.0,89,0,125,0
6E-8596,22,193,185,96.35948115170318,2,33.802976723427044,16.901488361713522,11,4,36.36,59,0,77,1
KL-902,13,202,178,88.15017274,3,55.18710372071992,18.395701240239973,8,5,62.5,93,3,58,1
6E-3118,2,170,157,92.80192439325388,6,82.73327439093391,13.788879065155651,9,6,66.67,56,0,99,1
EK-5005,5,322,262,81.46983393422593,2,17.321265986835897,8.660632993417948,6,4,66.67,64,3,116,1
6E-6717,12,161,136,84.91385370707295,1,7.783535818996484,7.783535818996484,10,10,100.0,78,3,132,0
QR-6261,10,162,130,80.82829167536143,1,16.64557562799213,16.64557562799213,10,10,100.0,66,1,232,1
AI-9539,6,216,152,70.46869373285264,1,18.97146399127405,18.97146399127405,6,5,83.33,85,1,80,0
IX-2086,15,224,200,89.29568943457684,3,55.31189465685604,18.43729821895201,11,11,100.0,80,0,156,0
SQ-6679,9,234,177,75.98031408069869,4,81.49628933092814,20.374072332732037,10,10,100.0,55,1,25,1
AF-5872,10,292,243,83.38583529550311,4,77.00836560210539,19.252091400526343,12,12,100.0,66,1,128,0
IX-5268,17,298,235,79.00258961082224,3,46.22221104332845,15.407403681109484,8,8,100.0,73,0,54,0
SG-2768,3,298,272,91.54438298623508,3,62.80062825471036,20.93354275157012,9,9,100.0,46,1,58,1
SQ-2456,12,265,222,84.04272845247837,4,59.216819534460654,14.804204883615164,6,6,100.0,81,0,169,0
LH-2807,8,249,237,95.25635432282498,1,30.60708798116264,30.60708798116264,9,5,55.56,52,0,188,0
AF-4600,9,245,198,80.89398323685818,1,15.792127167785695,15.792127167785695,12,10,83.33,55,1,137,0
QR-9572,21,274,280,102.45491649031358,5,108.28928315935322,21.657856631870644,10,8,80.0,47,3,24,1
QR-2112,8,288,288,100.15969524872112,1,7.103266464526433,7.103266464526433,10,9,90.0,55,0,189,0
EK-7086,1,166,128,77.39294318,1,26.211686667877736,26.211686667877736,12,5,41.67,42,2,106,1
SQ-6017,11,225,204,90.75445626825672,1,21.87573371636724,21.87573371636724,6,6,100.0,80,0,228,0
BA-734,0,325,309,95.21735219856356,6,60.871183037602535,10.145197172933756,8,7,87.5,41,1,95,1
SQ-7751,14,285,238,83.59366696764533,2,31.96514803312485,15.982574016562427,7,7,100.0,57,1,234,0
LH-3161,13,164,136,83.31201076250902,3,60.76922703738148,20.25640901246049,6,6,100.0,56,0,227,0
UK-2242,8,202,195,96.66161966756424,3,46.74408464278888,15.581361547596291,7,5,71.43,56,0,214,0
SG-2665,4,241,208,86.52840183820393,2,52.02718046437914,26.01359023218957,12,4,33.33,63,1,177,0
UK-9781,0,165,153,92.75190189216282,1,6.770522580666951,6.770522580666951,11,8,72.73,47,1,76,1
AF-623,17,206,200,97.55098715,1,27.90503957362001,27.90503957362001,7,7,100.0,36,0,146,0
EK-2087,19,239,217,91.16470708,2,56.95519270939464,28.47759635469732,8,8,100.0,63,0,233,0
LH-1878,6,254,201,79.20131336673418,5,100.21500794350368,20.043001588700736,11,10,90.91,86,1,220,0
EK-892,6,266,257,96.98356132,3,67.26552407667626,22.421841358892085,7,7,100.0,61,2,48,1
6E-1311,2,175,164,93.72066309073314,1,11.48351875912352,11.48351875912352,12,9,75.0,84,3,184,0
KL-1215,8,208,143,68.75313075539368,0,0.0,0.0,11,8,72.73,57,1,106,1
UK-3968,8,273,257,94.37135037358787,1,24.657312980974247,24.657312980974247,12,12,100.0,78,0,160,0
IX-1384,7,180,142,78.95943361294727,0,0.0,0.0,7,7,100.0,56,0,179,0
UK-3465,11,254,203,80.24685244297083,7,142.23392489823783,20.31913212831969,12,11,91.67,77,3,65,0
SQ-7291,7,280,179,63.93459417514118,3,66.84317060782186,22.281056869273957,8,5,62.5,71,0,135,1
EK-9680,12,179,156,87.64120917478823,0,0.0,0.0,7,7,100.0,95,2,131,0
QR-718,22,292,233,79.92910039438618,0,0.0,0.0,7,7,100.0,90,0,170,0
KL-9935,9,239,187,78.53895985144042,4,83.08082863,20.77020715726495,7,7,100.0,37,1,64,1
LH-2961,1,302,258,85.63500120431789,2,47.17781763696529,23.588908818482643,6,4,66.67,97,0,164,0
LH-3749,16,311,316,101.66847806595857,4,83.47084316,20.86771079,6,6,100.0,53,1,123,0
IX-2417,9,316,293,92.95781741741024,0,0.0,0.0,6,5,83.33,57,3,104,1
UK-4661,14,281,235,83.90362963840036,4,70.94339578184133,17.735848945460333,8,8,100.0,63,0,213,0
KL-1711,5,209,202,96.94508239935703,2,15.445021227982394,7.722510613991197,11,4,36.36,64,1,153,1
QR-8616,2,270,239,88.76836769580933,2,36.29438015,18.14719007405755,12,6,50.0,73,0,127,1
SQ-9437,14,332,272,82.13056748119624,1,10.367879009032336,10.367879009032336,10,8,80.0,59,1,37,0
IX-1723,12,257,229,89.40950323930646,1,30.153575593233548,30.153575593233548,7,7,100.0,42,1,113,1
BA-7324,18,281,240,85.47938263723321,2,38.42772430677512,19.21386215338756,12,6,50.0,92,1,169,0
AF-6272,16,226,200,88.74536490895572,0,0.0,0.0,7,7,100.0,50,3,52,0
BA-2741,11,244,159,65.43270047654167,2,36.62276761648408,18.31138380824204,8,8,100.0,35,0,177,0
BA-3764,18,220,216,98.47392927487812,1,25.81794162715132,25.81794162715132,7,7,100.0,39,0,228,0
SG-687,11,295,269,91.49032130251614,0,0.0,0.0,6,4,66.67,37,0,145,1
LH-8778,2,220,188,85.58755046888994,3,82.73038280937689,27.57679427,10,10,100.0,99,2,179,0
SQ-2308,8,331,229,69.25385078465722,3,44.77336991012419,14.924456636708063,9,9,100.0,38,0,189,0
SQ-5495,0,234,198,84.83141083669943,2,42.51017177116762,21.25508588558381,7,6,85.71,98,2,225,0
SQ-8316,22,320,294,91.96146766289988,4,75.59232487154594,18.898081217886485,12,9,75.0,44,2,141,0
KL-1900,20,300,222,74.01002746926515,0,0.0,0.0,6,5,83.33,55,0,157,0
QR-2153,3,189,165,87.72072464694506,1,27.87172682934245,27.87172682934245,9,9,100.0,80,1,134,0
BA-1432,1,271,284,105.0,1,17.9905888,17.9905888,10,10,100.0,61,1,183,0
AF-9827,8,339,291,86.04379951576838,3,84.39370137835155,28.13123379278385,9,9,100.0,100,3,181,0
AF-8793,11,199,154,77.59947735,2,47.325245544970535,23.662622772485268,6,6,100.0,75,1,220,0
AF-9756,22,218,169,77.57613526206852,2,41.52333136087514,20.76166568043757,11,8,72.73,47,1,47,1
SG-7087,14,217,192,88.60791466490184,0,0.0,0.0,11,11,100.0,43,0,30,1
KL-6907,18,258,199,77.40821930873058,6,143.87712774443168,23.979521290738614,9,4,44.44,70,0,225,0
KL-1992,13,221,205,92.87096547686198,2,51.14014670160709,25.570073350803547,8,7,87.5,92,3,186,0
LH-6372,21,205,189,92.37903301320026,5,67.08111205032256,13.416222410064512,12,7,58.33,88,1,66,1
LH-6026,10,224,204,91.28911540368593,1,8.155823912559688,8.155823912559688,12,6,50.0,46,0,146,0
BA-7318,1,266,252,95.05510824451063,3,66.80514294677691,22.26838098225897,9,6,66.67,48,0,166,0
QR-6556,13,302,282,93.68177252,3,35.40699168363836,11.802330561212786,7,7,100.0,68,1,137,0
SQ-7760,11,337,323,95.89405226391156,1,5.6374014941033375,5.6374014941033375,7,4,57.14,87,2,162,0
QR-6890,7,232,191,82.42480747593058,8,147.51314245674817,18.43914280709352,12,5,41.67,54,1,145,0
LH-7393,6,200,176,88.47619922792698,2,36.03131987,18.01565993271325,12,12,100.0,50,1,175,1
BA-4692,19,191,153,80.13948062419706,4,73.85699086707166,18.464247716767915,11,5,45.45,90,1,171,0
AI-5269,14,293,260,89.06544807117888,2,20.710322735974763,10.355161367987382,8,8,100.0,92,1,91,0
QR-4258,1,222,192,86.82918804,1,30.316411731746825,30.316411731746825,6,6,100.0,38,2,126,1
LH-2667,14,241,211,87.61623943426979,3,22.173851360649664,7.391283786883221,7,7,100.0,38,2,156,0
EK-2944,18,314,267,85.33421696,2,46.494320644288905,23.24716032214445,12,11,91.67,54,0,194,0
EK-5338,2,160,143,89.58176286532571,2,29.47752112430716,14.73876056215358,11,4,36.36,44,1,52,1
AI-6706,8,232,217,93.59504594143526,4,82.27188208804745,20.567970522011866,10,4,40.0,58,1,209,1
LH-7191,21,197,147,74.66840344258145,4,71.25393183640512,17.81348295910128,11,11,100.0,60,1,38,1
EK-8520,1,251,226,90.35752645413557,3,27.40877168252142,9.13625722750714,7,7,100.0,71,0,214,0
SQ-9380,23,265,227,85.87950201197562,4,94.01083106351662,23.502707765879155,7,7,100.0,88,0,93,0
SQ-2021,14,306,257,84.20619148563382,2,43.33256599022197,21.666282995110983,11,10,90.91,55,1,187,0
AF-2860,2,237,200,84.50091776,2,28.76678317398925,14.383391586994623,6,6,100.0,72,0,194,0
EK-4542,20,281,222,79.23282307819957,2,33.438291778375,16.719145889187498,9,6,66.67,80,0,212,0
AI-5027,15,294,265,90.33098285,1,18.95300497637505,18.95300497637505,7,5,71.43,38,2,176,0
SG-6898,5,185,157,85.03027849727229,2,40.62134234432785,20.310671172163925,11,8,72.73,94,2,197,0
KL-3994,15,209,181,86.69150583079521,2,26.58931661459493,13.294658307297468,12,6,50.0,91,0,117,0
AF-1544,15,179,159,89.07991392419198,4,56.86579056533918,14.216447641334796,11,9,81.82,79,1,160,0
IX-7384,20,312,268,86.07211579,3,38.57807899540786,12.859359665135951,8,5,62.5,54,1,148,0
LH-2864,20,330,269,81.68666733918477,3,52.17396788630351,17.391322628767835,9,6,66.67,51,3,181,1
6E-6034,15,286,256,89.59704345,0,0.0,0.0,10,8,80.0,38,1,112,1
6E-3279,20,333,265,79.76007453354735,2,43.514021422365545,21.75701071118277,6,4,66.67,48,0,195,0
AF-4097,10,247,241,97.80379563,2,25.22611900645636,12.61305950322818,10,4,40.0,37,2,224,1
AF-9470,17,315,263,83.78462024467447,0,0.0,0.0,9,9,100.0,92,1,67,0
SG-8133,23,249,231,92.95826756018108,3,58.39213653234608,19.464045510782025,9,9,100.0,89,1,196,0
AI-9066,6,228,200,87.89173417712874,0,0.0,0.0,9,4,44.44,38,2,83,1
AI-7440,19,243,214,88.26000561931349,3,61.99478881924735,20.664929606415782,10,10,100.0,58,0,80,1
QR-7913,19,207,163,79.19321154906875,1,10.714642715323134,10.714642715323134,12,6,50.0,68,2,176,0
SG-4788,19,264,254,96.27264567774144,5,101.30692056773664,20.26138411354733,9,9,100.0,64,0,58,0
IX-9702,23,297,239,80.53719064100797,1,23.65433519898865,23.65433519898865,11,8,72.73,53,1,147,0
LH-128,22,224,186,83.08974166286974,1,23.137880061634927,23.137880061634927,10,4,40.0,65,2,107,1
SQ-3653,8,197,155,78.98108587096819,2,51.10481019095725,25.552405095478623,9,9,100.0,94,0,45,0
SQ-4811,17,316,252,79.84007557,1,30.549973240581583,30.549973240581583,11,8,72.73,94,0,36,0
KL-397,5,231,209,90.81746910727432,5,67.98113401079162,13.596226802158323,12,9,75.0,53,0,90,0
LH-5621,22,162,148,91.51174878336214,3,49.04427789807493,16.348092632691642,8,8,100.0,83,0,32,1
KL-3797,8,339,292,86.24857047794863,2,38.038870910986034,19.019435455493017,12,11,91.67,97,3,88,0
SQ-7711,19,214,177,83.14210679334978,2,39.85547393164507,19.927736965822536,9,9,100.0,56,2,45,0
SQ-8677,5,300,304,101.44867389142158,3,68.34042391500391,22.780141305001305,10,5,50.0,58,0,68,1
SG-8664,8,164,118,71.97729574927658,2,37.88016357613752,18.94008178806876,7,7,100.0,64,1,214,0
AF-1086,16,171,179,104.74644110464943,3,37.92906505049441,12.643021683498135,9,9,100.0,92,2,26,0
AI-877,1,185,144,78.26949253854193,3,41.84823985620131,13.949413285400436,7,7,100.0,65,1,77,1
EK-5229,0,275,207,75.45160074528084,1,29.476422486473272,29.476422486473272,11,4,36.36,98,1,68,1
6E-2417,18,199,162,81.47083007017257,1,11.646031884499552,11.646031884499552,8,8,100.0,53,0,122,1
AF-685,18,324,215,66.45325913738628,3,62.762270273074094,20.920756757691365,6,6,100.0,82,0,72,0
AI-5874,16,267,231,86.74781763196584,2,40.687304453049,20.343652226524497,12,9,75.0,79,1,212,0
AF-6249,14,271,219,81.12024975,3,49.859358007144806,16.619786002381602,8,8,100.0,89,0,81,0
UK-466,13,293,257,88.04229429409126,0,0.0,0.0,9,8,88.89,89,1,36,0
IX-1959,2,332,269,81.24757053800963,3,36.65594937988524,12.21864979329508,7,7,100.0,52,0,190,0
LH-4895,10,304,260,85.83270548416212,1,18.60677514509915,18.60677514509915,12,12,100.0,97,2,44,0
QR-4441,21,217,189,87.45558820428072,1,10.609998872104503,10.609998872104503,7,6,85.71,81,0,150,0
SQ-9532,16,332,312,94.04253316046032,0,0.0,0.0,10,10,100.0,91,1,226,0
UK-9664,15,168,145,86.83010806681936,5,84.65258677268162,16.930517354536324,7,5,71.43,79,3,48,1
KL-5784,4,243,214,88.34604899437005,3,70.62887977877648,23.542959926258828,10,10,100.0,67,1,136,0
IX-309,18,297,257,86.79477621,3,75.08747399124873,25.02915799708291,11,5,45.45,51,3,179,1
BA-1034,1,267,221,83.11788231979533,4,68.01195633170539,17.002989082926348,12,7,58.33,38,0,45,1
QR-5718,4,179,171,95.57224554043964,2,45.42661344155806,22.71330672077903,12,10,83.33,54,1,143,1
IX-257,22,170,156,91.94612500850528,1,14.985077786097031,14.985077786097031,9,5,55.56,49,1,44,1
SG-9723,3,332,301,90.81598758411609,6,105.65882203291078,17.609803672151795,10,10,100.0,81,0,73,0
BA-8174,11,295,218,74.06501290913309,1,10.913635862187093,10.913635862187093,6,4,66.67,43,2,175,1
SQ-2860,1,299,271,90.94746414860036,4,67.45417426,16.86354356,7,7,100.0,50,1,92,1
SG-1072,1,289,236,81.81602373402639,4,56.12306512418154,14.030766281045384,7,6,85.71,95,0,139,0
LH-9979,19,318,250,78.78403927299843,4,66.83177062739333,16.70794265684833,6,5,83.33,44,0,75,1
EK-152,21,258,258,100.05582630730945,5,74.96515689379373,14.993031378758747,12,6,50.0,84,3,84,0
BA-7914,21,337,276,81.95016964371473,5,93.34677980392654,18.669355960785307,7,7,100.0,37,2,112,0
EK-6787,1,270,238,88.31376271,3,68.62887841,22.876292803474133,11,11,100.0,85,0,105,0
SQ-5422,7,338,326,96.70755418,7,114.53220324303642,16.361743320433774,11,10,90.91,53,0,99,1
BA-6962,3,325,283,87.24877779349424,2,34.02325869597073,17.011629347985366,6,6,100.0,76,1,188,0
SQ-6188,14,253,213,84.23442049772795,4,86.19732935191857,21.54933233797964,10,10,100.0,69,2,127,0
SG-5997,16,252,241,95.80535791,3,73.47312643755477,24.49104214585159,10,10,100.0,80,3,198,0
AI-6928,17,187,196,104.9111972603524,2,42.34842369374845,21.174211846874226,6,4,66.67,60,1,137,1
SQ-5822,3,308,293,95.1501444,0,0.0,0.0,10,7,70.0,98,0,218,0
LH-2599,12,301,234,77.96728818479767,4,79.49724036871322,19.874310092178305,12,9,75.0,71,0,225,0
6E-9478,7,180,161,89.67035243714359,3,45.69857383169919,15.232857943899733,12,12,100.0,83,3,176,0
BA-2358,9,296,310,105.0,2,21.843555416998026,10.921777708499013,10,5,50.0,55,0,102,1
LH-5691,7,187,155,83.2911339,3,60.28815815209744,20.09605271736581,11,4,36.36,98,3,166,1
AF-748,21,199,177,89.18382240736076,3,58.08873652852429,19.362912176174763,10,5,50.0,39,1,213,0
AF-858,17,302,287,95.24493463644646,4,57.67588812232373,14.418972030580932,12,10,83.33,38,0,188,0
SG-8995,8,249,236,94.95574539333414,4,78.80573049336843,19.701432623342107,8,6,75.0,73,2,192,0
SQ-6858,17,327,257,78.59561346133367,3,54.15567012257273,18.05189004085757,9,5,55.56,69,1,34,1
IX-7445,10,280,242,86.69428751971134,3,59.34506424119519,19.7816880803984,7,7,100.0,35,0,150,1
6E-5087,19,260,200,76.96134338,3,51.63687211450026,17.21229070483342,8,5,62.5,58,1,158,0
6E-6616,16,294,268,91.19815064757356,2,14.223845328858406,7.111922664429203,10,6,60.0,91,1,200,0
IX-4028,7,335,229,68.55138923120552,2,46.87366895178839,23.436834475894194,11,10,90.91,75,1,193,0
AI-7113,23,266,220,82.79568880739374,7,143.16127554131063,20.451610791615803,6,6,100.0,88,3,49,0
IX-983,7,173,141,81.81524445294582,7,95.43132312273028,13.63304616039004,10,4,40.0,80,1,76,0
AI-1688,22,275,281,102.39760072026178,4,101.16553754902606,25.291384387256517,11,8,72.73,94,3,165,0
EK-9096,11,334,306,91.88879917957588,4,51.68530003106861,12.921325007767152,9,9,100.0,94,0,198,0
EK-2783,13,321,295,92.0910184,0,0.0,0.0,10,10,100.0,91,0,147,0
UK-7380,22,262,248,94.93113569908604,4,72.38610146582059,18.096525366455147,12,12,100.0,65,0,67,0
IX-5634,4,208,193,93.26889501212166,2,27.93562691599229,13.967813457996147,6,6,100.0,58,0,213,0
EK-9097,11,312,269,86.34425659869706,4,79.08100874997962,19.770252187494904,11,10,90.91,70,3,155,0
QR-4463,3,181,154,85.25943781,1,29.659220820561863,29.659220820561863,11,7,63.64,64,0,41,1
SG-7024,1,225,166,74.03384702644912,2,41.669970401931366,20.834985200965683,11,8,72.73,58,1,25,1
6E-1774,9,220,192,87.62755952057336,1,13.44783245297281,13.44783245297281,9,4,44.44,64,2,223,0
BA-4434,7,163,149,91.96378960972288,0,0.0,0.0,10,4,40.0,41,0,204,0
IX-378,18,258,222,86.24308582340024,3,63.73380785170257,21.24460261723419,9,6,66.67,69,1,123,0
KL-4359,22,162,140,86.79852432780712,7,137.03841793282314,19.57691684754616,7,7,100.0,89,0,55,0
AF-655,21,337,260,77.18634568862467,3,51.783640203042125,17.261213401014043,7,5,71.43,48,1,98,1
SQ-8613,6,333,282,84.98040679792504,1,21.32315996534237,21.32315996534237,10,7,70.0,44,0,239,0
IX-9164,12,271,214,79.25868567057007,5,126.68601274066684,25.33720254813337,12,5,41.67,50,1,135,0
BA-262,22,164,143,87.20661607024205,1,5.2642005364283335,5.2642005364283335,9,8,88.89,88,0,76,0
BA-8159,19,313,289,92.51700742868468,2,53.91998519733045,26.959992598665224,6,6,100.0,78,0,68,0
6E-9512,12,223,167,74.91732712348403,2,47.23703300724053,23.618516503620263,11,4,36.36,79,1,192,0
AI-8067,11,187,141,75.56307832,6,143.86822596583536,23.97803766097256,11,8,72.73,90,1,101,0
SQ-7179,1,161,134,83.41940174,5,92.6667370961824,18.53334741923648,10,10,100.0,91,3,85,0
KL-7450,5,193,160,83.18731189088783,0,0.0,0.0,12,4,33.33,55,1,96,0
6E-2348,9,253,233,92.35686814539604,3,43.343208317745685,14.447736105915228,7,7,100.0,84,3,64,0
QR-721,4,227,212,93.55978229580506,0,0.0,0.0,7,7,100.0,67,1,98,0
AF-6904,4,284,235,82.94542927888774,3,63.836252305726894,21.27875076857563,11,7,63.64,41,0,39,1
QR-2466,15,224,163,72.80076667,1,9.287217492734634,9.287217492734634,10,8,80.0,49,1,211,0
LH-2762,23,194,180,92.98734295734144,4,89.72473755942362,22.431184389855904,9,8,88.89,66,0,240,0
KL-7763,2,264,236,89.74153782806202,3,76.35964581972964,25.453215273243213,7,7,100.0,54,0,142,0
KL-9324,0,194,154,79.86502811107613,0,0.0,0.0,9,9,100.0,49,3,240,1
AF-9476,14,324,285,88.02680823616913,1,19.30066253277247,19.30066253277247,12,11,91.67,82,1,86,1
KL-4458,4,288,273,94.97520966336862,4,83.41016899976933,20.85254224994233,7,7,100.0,55,1,102,1
SQ-6749,17,235,213,90.78712158416894,4,48.01155355266398,12.002888388165996,7,5,71.43,76,0,22,0
6E-3239,9,220,185,84.14681976636483,2,42.65366790154758,21.32683395077379,8,8,100.0,60,0,201,0
UK-7566,17,187,166,89.21810364264805,1,20.71764972,20.71764972,7,7,100.0,48,3,225,1
QR-1113,1,295,258,87.48934324050263,0,0.0,0.0,6,6,100.0,91,1,83,0
AI-8457,8,305,256,84.16654976946283,2,61.44279751493899,30.72139875746949,10,7,70.0,71,2,59,0
LH-7321,5,254,200,78.89662228189648,2,61.32955201449556,30.66477600724778,10,10,100.0,92,0,78,0
QR-3991,23,324,282,87.15277097,2,25.572764676272108,12.786382338136054,9,7,77.78,55,0,202,0
LH-6972,18,307,236,77.03486930828454,4,91.12092194427498,22.780230486068746,12,9,75.0,37,0,81,0
BA-9066,9,206,181,87.95394715086336,1,13.748093543386968,13.748093543386968,7,7,100.0,71,0,151,0
QR-8306,17,185,157,85.00587080827403,5,94.97226508050416,18.994453016100834,6,6,100.0,83,1,79,0
LH-4324,9,170,141,83.33364923,5,97.86979856600745,19.57395971320149,9,5,55.56,53,3,135,1
AF-2288,7,160,138,86.81414587,1,8.544033260680315,8.544033260680315,8,8,100.0,46,0,94,0
BA-9644,16,298,262,87.9975676,1,6.403901894084444,6.403901894084444,9,9,100.0,95,0,141,0
UK-9821,20,293,261,89.28318589907565,1,21.64892437047743,21.64892437047743,9,4,44.44,75,0,126,0
KL-4982,8,228,210,92.32319966377264,5,105.51724591101804,21.10344918220361,7,6,85.71,67,0,115,0
QR-1436,2,253,183,72.37924477592965,5,123.55872574601273,24.711745149202542,8,8,100.0,84,0,110,0
AF-891,11,238,217,91.29320215985952,2,26.519105843883,13.259552921941498,9,9,100.0,67,0,177,0
SQ-8606,14,278,219,79.08325542,7,133.98058373143385,19.14008339020484,6,6,100.0,58,1,149,0
AI-9289,3,217,170,78.75248538162741,3,67.58496708,22.528322361391464,6,6,100.0,95,0,81,0
LH-7311,8,338,332,98.31072008223992,3,51.83036404129033,17.276788013763444,10,9,90.0,95,0,68,0
6E-2372,0,197,160,81.37488989,3,47.01305185480391,15.671017284934637,8,8,100.0,62,1,156,0
SG-4262,1,165,138,83.85230205,2,42.79834053273648,21.39917026636824,8,4,50.0,92,1,111,0
6E-8373,14,321,276,85.99319047561104,1,8.491273224513318,8.491273224513318,10,10,100.0,77,1,178,0
6E-2400,14,199,161,81.23515690781704,2,25.526135750193973,12.763067875096986,9,6,66.67,75,3,143,0
AI-9760,9,208,193,92.97225109,3,31.878517695481857,10.62617256516062,8,7,87.5,73,3,80,0
EK-8712,2,329,303,92.17013315575808,3,70.75648276234097,23.58549425411365,6,4,66.67,83,1,226,0
QR-3278,14,340,271,79.75648037948814,3,66.23565164382777,22.078550547942587,6,6,100.0,51,0,67,1
LH-5870,6,299,286,95.85760375280697,4,81.97817322,20.49454330577208,7,5,71.43,99,0,172,0
LH-9305,2,278,249,89.91220622456359,3,58.26673273,19.42224424,8,5,62.5,39,0,183,0
SG-415,21,180,155,86.11982676759207,2,14.410329721416923,7.205164860708463,9,4,44.44,36,0,155,0
AI-3788,20,220,169,76.96444821551025,3,36.87038109311713,12.290127031039043,10,10,100.0,56,3,220,0
EK-4069,7,298,280,94.08745061833672,1,13.675167858504366,13.675167858504366,10,6,60.0,91,1,77,1
UK-1162,15,265,229,86.64809525641691,1,17.99679519128536,17.99679519128536,9,6,66.67,100,2,120,0
6E-9334,20,216,187,86.84358140152897,4,76.18314451213641,19.045786128034106,12,9,75.0,50,2,131,0
LH-3880,5,236,236,100.0293247553652,1,27.695054405499214,27.695054405499214,11,11,100.0,85,1,192,0
IX-1705,14,242,224,92.70031106,3,38.146795454322245,12.715598484774082,7,7,100.0,73,0,81,1
SG-8414,0,325,323,99.53229107236557,4,50.73758238384359,12.684395595960895,10,10,100.0,74,3,58,0
KL-7342,9,190,144,76.13022703893758,5,70.76147390721478,14.152294781442956,8,7,87.5,72,3,77,1
SQ-3512,17,207,165,79.88019913600068,3,54.42189605707527,18.140632019025087,7,7,100.0,94,0,228,0
LH-5926,19,201,182,90.86679337992464,2,38.88410556400416,19.44205278200208,8,5,62.5,93,2,118,0
SG-5368,9,192,166,86.47541424403782,3,73.80233133726954,24.600777112423177,12,12,100.0,44,0,230,0
SG-6105,15,210,203,96.80175334331184,1,12.379202534594782,12.379202534594782,6,6,100.0,98,0,211,0
IX-923,23,263,214,81.57662207634975,4,82.65923192631534,20.66480798157884,7,6,85.71,97,0,63,1
LH-1569,18,177,156,88.49334204528948,2,46.75951437073857,23.37975718536929,10,10,100.0,83,0,48,0
AF-6113,4,338,280,83.01637320491784,3,51.40806421626504,17.13602140542168,7,6,85.71,98,1,78,0
AI-1398,17,245,201,82.40991065106068,0,0.0,0.0,7,7,100.0,66,1,90,1
SG-9511,13,258,212,82.32380431892989,5,111.97364501872887,22.394729003745773,7,5,71.43,41,1,111,1
KL-9999,18,289,215,74.69053240214663,2,40.55042549922672,20.27521274961336,11,11,100.0,55,0,28,0
6E-7834,2,262,233,89.03227951605203,2,30.496135439924537,15.248067719962268,7,7,100.0,54,0,146,0
SG-7500,21,225,180,80.11954646,1,29.61465547791469,29.61465547791469,8,8,100.0,60,2,239,0
AF-1891,6,264,172,65.51155646614177,3,44.61956362220654,14.873187874068847,6,6,100.0,49,0,153,0
AF-3841,23,183,158,86.83746265577577,3,47.84498913710885,15.94832971236962,12,5,41.67,48,0,176,1
SG-8035,20,223,190,85.64123933661861,2,32.90471757343853,16.452358786719266,9,9,100.0,61,2,205,0
LH-286,0,336,274,81.58619171048481,0,0.0,0.0,7,7,100.0,74,0,164,0
SG-4302,3,314,245,78.27592282,3,57.78208098702664,19.260693662342213,10,10,100.0,92,0,163,0
AF-9304,23,221,168,76.10970645929807,4,92.83927249,23.209818122327125,7,7,100.0,62,3,234,0
QR-9087,21,205,171,83.45294258893713,3,36.58992666,12.19664222,10,5,50.0,60,1,150,1
LH-1283,12,237,172,72.91591313567255,5,84.17891489621044,16.83578297924209,8,8,100.0,97,0,40,1
BA-4457,2,182,155,85.69013029497698,2,48.29127153725118,24.14563576862559,10,8,80.0,100,1,83,0
IX-3170,5,185,183,99.09188439357358,1,7.577286493292787,7.577286493292787,9,8,88.89,59,2,109,0
EK-629,20,289,252,87.33663378986886,2,50.64952985673213,25.324764928366065,6,4,66.67,37,1,55,1
IX-8361,15,241,184,76.40551768995543,5,89.2852232,17.85704464036564,10,5,50.0,78,2,233,0
KL-3218,21,296,233,79.01547301187586,3,74.46597661561962,24.82199220520654,10,10,100.0,76,2,81,0
UK-8138,1,216,192,89.07320245392515,1,19.393551889692823,19.393551889692823,6,6,100.0,40,2,189,0
UK-6716,3,198,167,84.81592070771673,2,22.523909588240382,11.261954794120191,9,6,66.67,73,2,95,1
KL-8076,6,163,150,92.43419191479238,2,47.15336356327381,23.576681781636907,7,7,100.0,86,2,189,0
QR-3029,21,161,133,82.61353996699599,5,90.93202572477378,18.186405144954755,10,10,100.0,57,0,208,0
SQ-9123,12,300,283,94.63710393604916,1,18.06835814170253,18.06835814170253,6,5,83.33,84,2,32,0
AI-9070,10,164,145,88.86547656998366,0,0.0,0.0,8,8,100.0,77,0,30,0
SG-6391,2,229,202,88.24708101985048,5,118.54490568401631,23.708981136803267,6,4,66.67,53,2,73,1
LH-1195,17,298,233,78.47736462447345,0,0.0,0.0,8,8,100.0,85,1,35,1
SG-118,20,169,135,80.38137621594981,6,100.2630576810689,16.710509613511483,9,9,100.0,45,3,27,1
BA-1719,8,321,324,100.95231908340531,2,36.9168908679732,18.4584454339866,7,6,85.71,46,2,123,0
BA-5219,3,283,221,78.43751197611881,2,41.61981677686568,20.80990838843284,6,6,100.0,42,0,78,0
KL-4051,0,264,253,96.06838139645552,2,53.97282589756299,26.986412948781496,12,4,33.33,58,2,76,1
EK-9144,5,321,244,76.07246424682316,3,68.74586269372656,22.91528756457552,12,12,100.0,75,2,59,1
AI-3761,9,243,221,91.09172168972609,4,60.95004886347193,15.237512215867982,11,11,100.0,70,1,206,0
AI-9448,23,325,308,94.89488798161123,5,97.49772361430946,19.49954472286189,10,8,80.0,89,1,149,0
AF-5065,7,236,200,84.77838595629115,1,27.83511782268177,27.83511782268177,9,7,77.78,43,1,113,1
AI-9286,16,308,235,76.49670361939768,3,51.723813240989074,17.241271080329692,6,6,100.0,81,0,223,0
LH-4567,9,213,199,93.65624661,2,23.800888052908437,11.900444026454217,12,10,83.33,49,1,157,0
AI-943,15,162,126,78.37739773701257,2,43.173680102856125,21.586840051428062,10,8,80.0,82,0,63,0
QR-7721,10,286,257,89.96521722520261,3,48.85109252102992,16.283697507009972,12,12,100.0,76,0,158,0
SG-8853,22,260,249,96.02746117104611,3,50.48952991,16.829843302258233,6,6,100.0,94,0,226,0
6E-3674,15,243,214,88.46130892732984,2,21.387763258068027,10.693881629034014,8,8,100.0,46,1,99,1
QR-1494,21,325,277,85.48868729680802,5,83.74124608337145,16.74824921667429,6,6,100.0,36,0,100,1
EK-3183,4,229,169,74.04694534523328,2,40.4795236,20.23976179968575,11,10,90.91,41,0,237,0
QR-7490,4,255,212,83.15670701093238,2,49.90338106805999,24.95169053403,6,5,83.33,37,3,21,1
6E-5264,2,320,248,77.76814709,2,35.75110347192823,17.875551735964116,6,6,100.0,37,1,197,0
LH-7208,4,214,195,91.41461914457491,2,20.461166542660443,10.230583271330222,11,5,45.45,61,1,159,1
BA-5520,14,198,133,67.30220083645074,7,117.1989279605801,16.742703994368586,9,9,100.0,74,2,134,0
BA-8603,15,262,196,75.13366344163593,3,57.93181883,19.310606276475166,6,5,83.33,67,0,109,1
AI-8327,19,333,286,86.08956081,2,32.34160412191123,16.170802060955616,11,4,36.36,35,1,42,1
QR-7430,17,202,175,86.66143700079708,4,74.72529246693264,18.68132311673316,10,10,100.0,42,0,165,0
SG-2817,2,301,274,91.28529084894568,2,41.15200881851649,20.57600440925825,8,4,50.0,66,1,81,1
SQ-3815,3,188,192,102.46351997387168,2,35.721724428486624,17.860862214243312,8,8,100.0,82,0,132,0
LH-8706,14,335,289,86.48164688398903,5,109.38424085889864,21.876848171779727,6,5,83.33,38,0,147,0
EK-5370,11,315,330,105.0,1,14.876107482746708,14.876107482746708,9,9,100.0,53,2,81,1
EK-4301,6,228,202,88.94900799,5,98.53342346954068,19.706684693908137,9,6,66.67,66,0,57,0
AF-8572,8,192,153,79.82426835882134,5,88.64774593,17.72954918569832,10,9,90.0,43,1,214,0
6E-3182,23,231,206,89.23468623423666,1,10.220357428328306,10.220357428328306,6,6,100.0,46,0,185,0
6E-6659,5,292,235,80.74193081075872,5,73.6268102,14.72536204,8,8,100.0,45,1,214,0
IX-4219,8,171,126,74.15372949270733,2,50.39575250868878,25.19787625434439,9,9,100.0,80,0,80,0
QR-7290,20,168,174,104.16419450363708,5,104.64025447139171,20.928050894278343,6,5,83.33,50,0,148,1
AF-3637,17,213,223,105.0,4,57.25608625337719,14.314021563344298,12,8,66.67,35,0,192,0
SQ-7499,11,235,189,80.83522011559094,0,0.0,0.0,9,9,100.0,97,3,175,0
UK-9641,5,163,143,88.18670277,3,37.36107401882815,12.453691339609383,11,7,63.64,55,3,168,0
IX-4639,4,161,144,89.88649247730923,1,23.289514883033974,23.289514883033974,12,7,58.33,64,2,141,1
6E-3574,12,190,154,81.15698088682764,4,81.08952574456866,20.272381436142165,9,7,77.78,47,2,129,1
IX-7933,19,164,134,82.00729756948111,2,48.79135899974848,24.39567949987424,8,5,62.5,68,0,32,1
KL-9081,6,234,242,103.84412431134578,4,74.03996414556602,18.509991036391504,7,7,100.0,38,0,174,0
6E-6440,18,277,238,86.18428498901012,2,14.969251848753183,7.484625924376592,12,4,33.33,62,2,119,1
SG-9224,1,303,204,67.53313250724051,7,118.42005780561868,16.91715111508838,10,9,90.0,93,1,154,0
KL-5198,2,173,139,80.56574664114576,3,44.49182380898533,14.830607936328445,10,4,40.0,61,1,41,1
6E-1500,5,249,221,89.10956335,3,63.83745089751237,21.27915029917079,8,8,100.0,59,0,93,0
SQ-5525,12,293,207,70.73488364825306,0,0.0,0.0,9,4,44.44,37,1,200,1
UK-370,4,162,148,91.49738890837284,3,52.881368913248,17.627122971082667,6,6,100.0,59,0,226,0
6E-7853,20,334,242,72.64753899066794,5,106.58158273486156,21.316316546972317,9,9,100.0,54,1,226,1
SQ-7362,6,210,146,69.68209789669771,0,0.0,0.0,8,5,62.5,68,0,151,1
6E-2217,21,272,231,85.22410880984383,5,102.62074514562562,20.524149029125123,10,5,50.0,60,0,42,1
6E-7216,21,229,209,91.28796290271404,3,42.04444367385608,14.014814557952027,9,7,77.78,39,0,138,1
QR-800,11,305,263,86.22980559757231,4,57.63790546489344,14.40947636622336,10,6,60.0,95,0,89,0
QR-358,14,192,195,101.79285239313474,1,25.10795077909555,25.10795077909555,12,7,58.33,43,1,235,1
AF-3234,21,287,219,76.51521570658237,4,61.56203608543824,15.39050902135956,6,6,100.0,84,0,103,0
EK-7861,7,255,212,83.51135718661091,1,10.402680646647742,10.402680646647742,12,4,33.33,40,0,120,1
SG-2321,16,311,278,89.45056202883805,4,90.69350264398054,22.67337566099513,10,9,90.0,94,3,103,0
SQ-2661,3,317,280,88.56713314019238,4,90.47370417302736,22.61842604325684,10,6,60.0,78,1,223,0
UK-2011,10,327,298,91.30851273338914,5,84.60395444664877,16.920790889329755,7,7,100.0,45,0,180,0
6E-8282,14,260,205,79.07048561,5,113.54376832096844,22.70875366419369,7,5,71.43,100,2,47,0
UK-5363,17,316,292,92.69403609569883,2,49.84087926257037,24.920439631285184,12,5,41.67,81,1,155,0
UK-1196,11,283,254,89.82860920300386,3,57.54990319986402,19.18330106662134,11,7,63.64,37,3,20,1
AF-4451,16,290,279,96.44752143,1,26.172298510045422,26.172298510045422,12,4,33.33,64,2,184,1
6E-266,18,263,188,71.64311573551602,2,46.29572339392889,23.147861696964444,7,6,85.71,55,0,82,1
AF-8007,18,318,264,83.13218775385724,3,65.41897991112323,21.80632663704108,10,10,100.0,62,0,41,1
EK-280,12,179,171,95.97129819,3,56.88113223181865,18.960377410606217,8,8,100.0,96,3,89,0
SG-2083,8,202,168,83.61823782211574,1,7.649794492230264,7.649794492230264,12,10,83.33,67,0,144,0
UK-9768,5,220,187,85.39784645936768,5,80.40621223,16.08124244574778,10,7,70.0,69,0,168,0
UK-574,18,303,274,90.45105393,3,51.91467335,17.30489112,8,5,62.5,86,1,115,1
BA-6716,2,314,309,98.45274234799132,4,53.65072831357736,13.41268207839434,8,7,87.5,68,0,182,0
AF-1223,3,237,222,93.94047471425992,8,129.9308534180634,16.241356677257926,7,7,100.0,75,2,98,1
6E-7500,3,173,158,91.53804453313096,4,80.13397729390172,20.03349432347543,12,6,50.0,85,1,24,1
BA-9003,23,338,273,80.93756712214217,2,36.52513623901379,18.26256811950689,9,4,44.44,81,2,79,1
EK-1715,23,188,149,79.48821536969497,2,19.462801061423853,9.731400530711928,6,6,100.0,92,1,139,0
AI-2037,20,194,168,86.81068855551366,5,70.52872262,14.10574452416008,7,7,100.0,91,0,65,0
LH-2373,4,304,240,79.14002640916988,7,119.21447363658676,17.03063909094097,7,7,100.0,57,1,197,0
UK-9527,23,268,248,92.57361675794922,2,34.12471481,17.06235741,9,7,77.78,82,0,195,1
BA-7398,4,297,270,91.16903289128248,2,57.30187733030656,28.65093866515328,6,6,100.0,56,1,153,0
QR-5917,15,282,283,100.3845567648455,3,41.49679642785178,13.832265475950592,10,6,60.0,51,1,236,0
UK-8360,17,304,297,97.93808374508914,3,44.48642332639224,14.828807775464078,11,11,100.0,45,1,75,1
KL-8158,5,262,237,90.80244509,3,61.41911038924316,20.473036796414387,12,8,66.67,49,1,129,1
BA-1473,17,267,241,90.27548440678804,6,130.04962099810365,21.674936833017277,11,6,54.55,69,0,206,0
AF-3270,23,169,147,87.13997421147538,2,62.76311318603152,31.38155659301576,10,4,40.0,67,3,176,1
KL-1533,4,209,204,97.83716198954636,2,33.36412504,16.68206252,7,7,100.0,50,0,218,0
6E-6984,12,224,186,83.13170496,7,113.74426456913066,16.249180652732953,6,5,83.33,68,1,123,1
AI-6004,11,213,206,96.99667185194473,7,172.18646426622385,24.598066323746263,7,6,85.71,100,0,96,0
QR-6678,15,339,271,80.10834074713354,1,11.784215135281157,11.784215135281157,8,4,50.0,74,1,165,0
EK-825,12,218,200,91.92499023055468,3,35.48269195494288,11.82756398498096,7,7,100.0,62,0,21,0
BA-4925,17,269,193,72.10499339853841,3,69.59332552211087,23.19777517403696,7,7,100.0,81,3,27,1
UK-9395,20,167,154,92.49022475,3,72.28006892325486,24.09335630775162,10,5,50.0,73,0,94,0
BA-8890,23,193,161,83.60554185048956,5,85.43399334,17.086798668258417,10,10,100.0,54,2,201,0
SQ-3962,7,196,161,82.33756313250166,4,96.2490168,24.06225420094957,10,10,100.0,35,1,144,0
AI-6042,4,177,166,94.06814967753084,1,20.269131441890103,20.269131441890103,11,4,36.36,97,0,57,1
KL-8271,22,311,281,90.56554283439137,5,99.19756894090392,19.839513788180785,8,8,100.0,38,0,195,0
AF-856,8,311,264,85.03016023685677,1,11.355977616918748,11.355977616918748,10,10,100.0,92,1,46,0
BA-441,8,160,154,96.42280132956652,0,0.0,0.0,6,5,83.33,59,0,39,0
EK-5176,3,252,203,80.83145799987956,3,66.93712194912574,22.312373983041912,11,7,63.64,81,1,159,0
LH-6848,7,336,305,91.01245937099311,9,156.32076181266467,17.36897353474052,9,9,100.0,72,1,62,0
LH-8318,5,229,206,90.11400277886294,3,48.22372836293478,16.07457612097826,6,6,100.0,49,1,208,0
UK-7470,16,295,249,84.61934482056765,1,16.30917077163581,16.30917077163581,12,11,91.67,55,1,110,1
6E-4670,13,279,215,77.09534723687588,0,0.0,0.0,6,6,100.0,91,0,80,0
SQ-8234,6,242,202,83.64472680421639,7,129.43200442332412,18.49028634618916,10,7,70.0,87,2,221,0
SQ-935,6,227,212,93.63323258763734,3,54.19096813,18.06365604181473,9,9,100.0,80,3,214,0
EK-6647,11,249,214,86.19295678470831,2,27.14293243074114,13.57146621537057,9,9,100.0,48,0,128,0
UK-367,17,172,158,92.25346682776114,1,16.448064291869002,16.448064291869002,11,4,36.36,51,0,110,0
QR-9816,21,282,256,90.79792524,1,6.908582351042231,6.908582351042231,9,7,77.78,73,0,182,0
AF-8336,12,314,269,85.68729763014846,3,62.09124360424226,20.69708120141409,12,7,58.33,43,0,114,0
IX-8680,19,207,179,86.53368509591444,4,95.03831735942012,23.75957933985503,8,8,100.0,40,0,162,0
AF-7504,18,206,207,100.66370215084017,2,18.397543204727224,9.198771602363612,10,9,90.0,57,1,163,0
AF-5445,12,288,235,81.91200460486911,1,13.315626740959628,13.315626740959628,9,9,100.0,93,3,32,1
6E-4196,23,188,178,95.12204388891982,5,129.8497178061324,25.96994356122648,11,9,81.82,80,0,132,0
IX-6343,5,178,137,77.52360421225981,4,51.93752674819126,12.984381687047817,12,9,75.0,72,0,54,1
SQ-4776,6,329,291,88.48195469437611,3,71.58612826568404,23.86204275522801,8,8,100.0,48,1,222,0
KL-1608,20,161,154,95.87500236617552,3,31.401156723269807,10.467052241089936,7,7,100.0,96,1,206,0
UK-5710,14,247,200,81.31652701446596,3,47.44839004048163,15.816130013493876,7,5,71.43,69,1,168,0
EK-7555,7,242,205,85.06563262581774,3,59.44008566874207,19.81336188958069,8,8,100.0,53,2,201,0
LH-6487,12,188,158,84.42852082798878,2,44.80565673044376,22.40282836522188,12,11,91.67,64,0,222,0
6E-7565,16,206,197,95.73830197956056,4,68.75067808670127,17.187669521675318,11,4,36.36,59,0,177,1
SG-1181,1,296,283,95.72928803228108,1,12.72218415,12.72218415,8,8,100.0,74,0,67,0
QR-5671,12,227,174,76.73659040473169,3,45.044440107796994,15.014813369265664,10,8,80.0,48,3,54,1
IX-9796,19,264,234,88.67519466,6,79.52243394,13.253738990229763,10,5,50.0,60,0,105,1
6E-6509,17,308,253,82.43482091516485,9,121.80301470323737,13.533668300359707,7,5,71.43,56,0,185,1
EK-1841,17,205,180,88.08041695712103,7,106.99964653711992,15.285663791017132,9,9,100.0,82,2,178,0
BA-180,16,259,269,103.94560317357733,2,34.86376684355993,17.431883421779965,11,11,100.0,85,0,225,0
IX-420,10,202,157,78.06629519522652,3,54.104913966521536,18.034971322173845,7,4,57.14,37,0,171,0
AF-4783,13,210,202,96.35021192233413,3,56.45883232970323,18.819610776567743,9,9,100.0,76,1,133,0
IX-2756,13,324,263,81.34012837238606,2,25.26583667288357,12.632918336441785,9,9,100.0,53,1,196,0
IX-9665,3,302,253,83.79625551898513,4,73.55193996626767,18.38798499156692,10,10,100.0,62,1,119,0
UK-1993,16,283,220,77.95001711662378,5,104.8246257,20.96492514,12,9,75.0,79,1,179,0
SG-9061,10,309,274,88.95047474990686,2,29.00477662088964,14.50238831044482,6,6,100.0,97,1,202,0
LH-3002,1,165,136,82.78214089,2,36.083760442023134,18.041880221011567,12,11,91.67,53,0,226,0
6E-3516,2,297,281,94.90529065,2,35.97863936414284,17.989319682071418,6,6,100.0,81,0,205,0
BA-3166,23,288,232,80.67981735565989,3,55.08321083578892,18.361070278596305,8,4,50.0,48,1,118,1
BA-3982,4,253,224,88.81068999934138,3,31.68884303925214,10.562947679750714,10,10,100.0,72,0,22,0
BA-9885,23,234,218,93.51638554326972,1,29.017660032459933,29.017660032459933,9,9,100.0,87,0,227,0
BA-8552,21,294,308,105.0,3,41.24849957920976,13.749499859736586,11,9,81.82,95,0,216,0
AF-9453,8,249,196,78.93773344397019,5,107.52512446961832,21.505024893923665,6,6,100.0,70,0,104,0
LH-5333,7,190,157,82.82581474448486,1,17.428595896888453,17.428595896888453,12,4,33.33,74,0,144,1
IX-9249,13,226,204,90.49532174962714,2,54.43429901025482,27.21714950512741,9,9,100.0,64,1,157,0
KL-8993,10,276,237,86.08221849188055,0,0.0,0.0,6,5,83.33,43,1,102,1
SQ-8800,13,227,200,88.28305350830458,3,62.1440944118506,20.71469813728353,6,4,66.67,98,1,44,1
AF-150,5,279,234,83.89943997878585,1,6.735855209322292,6.735855209322292,6,5,83.33,67,3,87,1
LH-1948,2,238,198,83.36946104372605,1,26.277549300907577,26.277549300907577,11,4,36.36,86,0,80,1
6E-811,18,181,180,99.47898399586552,2,14.311925466196644,7.155962733098322,10,4,40.0,48,0,48,0
EK-9325,19,209,167,80.35223730805082,2,35.935346107762534,17.967673053881267,11,11,100.0,87,0,146,0
KL-1857,1,271,186,68.92465270613243,2,33.59937903350496,16.79968951675248,7,4,57.14,93,0,38,0
SQ-2191,10,240,193,80.49263288293733,2,49.19811085593962,24.59905542796981,9,7,77.78,75,0,190,0
KL-2524,8,302,251,83.39566873411981,0,0.0,0.0,10,9,90.0,42,1,213,1
UK-6801,23,264,241,91.3413409,2,48.18057738139218,24.09028869069609,10,10,100.0,36,0,93,0
AF-8948,21,260,186,71.79989553675031,3,66.91422647706386,22.304742159021288,10,5,50.0,75,0,80,1
AF-596,22,329,335,101.8303694625086,5,104.30975472881784,20.86195094576357,12,9,75.0,89,0,190,0
AF-2110,10,166,140,84.45531827657672,3,40.483655314295554,13.494551771431851,10,10,100.0,50,2,172,0
SQ-6487,19,292,273,93.71424469055448,2,40.47827674014125,20.239138370070624,11,5,45.45,96,0,39,1
EK-4209,13,295,226,76.62406266019428,4,81.60000753455056,20.40000188363764,10,5,50.0,82,1,67,1
IX-1729,16,267,280,105.0,2,37.87335861,18.93667931,8,8,100.0,64,0,230,0
KL-7694,5,216,200,92.81431966857475,4,61.41523224,15.353808060035526,9,4,44.44,46,1,106,1
LH-9058,4,200,193,96.71247363144492,4,88.55258545326421,22.138146363316054,10,10,100.0,69,1,171,0
KL-3544,22,272,210,77.41823641596707,1,30.83042843378844,30.83042843378844,9,6,66.67,45,1,158,1
LH-8499,5,182,146,80.43490854392823,2,33.67702573526584,16.83851286763292,8,8,100.0,98,0,129,0
KL-1491,10,268,235,87.84070905218499,2,42.913178949314045,21.456589474657022,8,8,100.0,84,0,202,0
6E-3904,17,261,228,87.44424395455292,3,48.85791832298924,16.285972774329746,9,9,100.0,55,1,47,1
IX-7127,18,288,229,79.64837948,1,21.36029271837444,21.36029271837444,6,6,100.0,82,0,216,0
6E-304,2,322,240,74.70942269745936,1,27.00863470137536,27.00863470137536,7,7,100.0,54,1,210,0
AF-7180,9,333,213,64.03140454253243,6,85.89627747735433,14.316046246225724,12,12,100.0,78,0,78,0
KL-7989,6,340,293,86.28431673417579,4,73.07248028314683,18.268120070786708,6,5,83.33,67,0,152,0
EK-7197,13,201,157,78.31643272745536,4,51.01885164959182,12.754712912397954,6,6,100.0,95,0,70,0
LH-2918,4,181,169,93.57411557760774,1,11.000912345299348,11.000912345299348,11,11,100.0,43,1,168,1
AF-5157,15,228,198,87.14748555425022,2,34.23491515808207,17.117457579041034,12,5,41.67,69,1,31,1
SQ-6015,4,274,184,67.50029661482984,6,133.0420110948998,22.173668515816637,12,7,58.33,99,3,69,0
IX-3803,15,326,305,93.66940188315372,1,14.894525763250025,14.894525763250025,6,6,100.0,42,3,151,1
AF-4446,21,224,162,72.42397126005984,5,99.93037214448265,19.98607442889653,10,7,70.0,79,3,132,0
AI-3214,20,309,278,90.21014440406424,3,70.28362956477962,23.427876521593205,11,7,63.64,81,3,189,1
SG-5210,7,200,171,85.99821438,3,49.41654681524064,16.47218227174688,11,9,81.82,74,0,231,0
QR-3312,0,195,187,96.25556688277813,1,21.79064411060892,21.79064411060892,8,8,100.0,88,1,185,0
LH-5752,12,253,223,88.18033251554401,2,19.927717998744026,9.963858999372013,12,6,50.0,80,1,172,0
SQ-2562,13,177,137,77.56824391,2,36.18594136352497,18.092970681762484,6,6,100.0,81,2,33,0
SQ-4788,14,283,205,72.57599731,0,0.0,0.0,8,5,62.5,49,1,222,0
SG-9477,19,191,165,86.77909947831623,4,73.50041449039838,18.3751036225996,9,9,100.0,53,3,51,1
6E-8541,10,277,274,99.1944721,4,78.96136123,19.74034030779417,7,7,100.0,60,0,158,1
IX-4970,12,332,305,91.98242342867646,4,78.53849325726003,19.634623314315007,11,11,100.0,86,1,208,0
6E-3795,14,255,208,81.94548007618192,2,15.010275981570526,7.505137990785263,9,6,66.67,56,3,165,1
IX-7601,19,170,145,85.69898921218845,2,46.11189343,23.05594671511315,9,6,66.67,55,0,174,0
KL-5003,1,277,205,74.08424686594651,3,76.23417610068049,25.41139203356016,10,10,100.0,85,1,74,0
SQ-355,23,273,232,85.13594502277193,0,0.0,0.0,7,7,100.0,72,1,201,0
SG-333,5,171,141,82.53229542820672,2,53.02231899337997,26.511159496689984,9,9,100.0,54,1,229,0
EK-9877,12,215,202,94.41195220113715,4,98.67998436151062,24.66999609037765,9,9,100.0,63,0,139,1
BA-2531,9,215,178,82.89055388312305,4,68.38762251444969,17.096905628612422,7,7,100.0,85,0,234,0
QR-3388,8,288,240,83.33546017245055,3,51.13940767256143,17.046469224187145,7,7,100.0,38,3,94,1
IX-9919,18,285,259,91.14953773912605,4,68.37548881211632,17.09387220302908,9,6,66.67,89,2,40,1
LH-2053,3,196,189,96.83818334,3,50.26291628067858,16.75430542689286,7,5,71.43,62,1,191,0
AI-3063,7,194,201,103.74925351458712,2,42.86030126569957,21.430150632849784,9,9,100.0,38,2,152,0
KL-7305,12,230,192,83.89542752,0,0.0,0.0,9,5,55.56,56,0,106,1
SG-315,13,180,150,83.62771612,2,21.93227345483128,10.96613672741564,10,6,60.0,79,0,188,0
QR-6130,8,326,274,84.11048994931343,0,0.0,0.0,6,6,100.0,100,1,78,0
AI-362,3,232,178,76.93406086309754,6,133.51074316007112,22.25179052667852,9,8,88.89,68,0,108,0
AI-4367,18,187,157,84.42589386,7,145.09896642186146,20.72842377455164,8,8,100.0,89,3,201,0
IX-9950,20,299,234,78.56687975018403,5,64.68321549511143,12.936643099022286,11,11,100.0,35,0,221,0
IX-6230,16,167,144,86.31258239240975,4,58.51702757,14.629256893693825,12,6,50.0,72,1,169,0
LH-3101,12,299,288,96.42575801381672,4,56.535692697289456,14.133923174322364,6,6,100.0,40,0,102,0
BA-4273,11,216,180,83.46265405,5,82.06933052,16.4138661,6,6,100.0,59,0,84,1
EK-9305,11,213,157,74.02840298,2,21.201536198334463,10.600768099167231,6,6,100.0,51,3,83,1
AF-7671,9,316,233,73.91479518786726,5,117.33191574118672,23.466383148237345,10,4,40.0,95,0,90,0
AI-4121,15,251,228,91.07557075576624,1,5.426298436022334,5.426298436022334,9,9,100.0,46,3,23,0
AI-1718,7,218,184,84.58319366007868,5,89.37915945461677,17.875831890923354,10,4,40.0,40,1,212,1
AF-2221,20,257,231,90.19070078,1,5.681798098271962,5.681798098271962,9,8,88.89,61,1,162,0
6E-6035,17,172,142,83.01168480717577,1,29.281821145163818,29.281821145163818,10,10,100.0,42,0,123,0
EK-5266,5,281,229,81.82732815338262,4,70.39257372462133,17.598143431155332,10,7,70.0,99,1,223,0
SQ-9679,12,311,263,84.86891798969178,4,78.13173104824243,19.532932762060607,11,8,72.73,91,0,169,0
EK-270,20,248,203,82.10351631457084,3,32.83373857795316,10.944579525984388,8,7,87.5,74,1,233,0
AF-9140,0,326,305,93.56352104071289,4,48.648367461167325,12.162091865291831,10,7,70.0,48,0,194,0
BA-8354,12,326,277,85.23386713059952,4,51.28122893,12.820307231645575,11,11,100.0,69,0,228,0
6E-4717,19,270,232,85.96195196029306,3,46.11063290504244,15.37021096834748,7,5,71.43,82,0,112,0
BA-6413,3,246,193,78.47738352237545,5,80.29288633055103,16.058577266110206,8,4,50.0,90,0,193,0
SQ-6988,10,261,242,92.76553335243756,4,85.36542716850248,21.34135679212562,10,6,60.0,83,3,161,0
EK-8968,8,331,307,92.7590614,6,106.32746883122569,17.72124480520428,12,12,100.0,47,1,197,0
AI-524,10,173,149,86.66569107977399,1,22.94129222227967,22.94129222227967,6,6,100.0,95,1,167,0
AF-5938,4,309,229,74.18214161743705,5,96.24849413515152,19.249698827030308,7,7,100.0,83,3,197,0
KL-5154,2,171,146,85.80602989843467,2,43.90021931650791,21.950109658253957,7,5,71.43,80,1,131,0
LH-5661,3,293,260,88.91328812757749,6,118.9574135886788,19.826235598113133,11,7,63.64,96,1,180,0
SG-5249,7,198,163,82.34917900144788,4,100.07660958852418,25.019152397131045,7,5,71.43,42,3,138,1
SG-8123,10,215,179,83.4622995,2,30.951601759637505,15.475800879818753,8,5,62.5,77,2,78,0
SG-6206,15,310,242,78.29967890271777,2,52.71660425524164,26.35830212762082,10,7,70.0,54,1,62,1
6E-5945,2,210,180,86.10457437735342,1,15.322630458707522,15.322630458707522,10,9,90.0,73,2,226,0
QR-5531,10,165,131,79.40790899980303,2,25.53129991361724,12.76564995680862,12,10,83.33,83,0,31,0
BA-1834,2,204,189,93.06668428174362,5,92.88751842437895,18.577503684875797,6,6,100.0,98,0,59,0
6E-474,0,304,280,92.39465983,1,14.877551544558523,14.877551544558523,11,6,54.55,96,1,137,0
IX-8464,14,296,257,86.90237266869913,3,41.78826174450559,13.929420581501864,6,6,100.0,88,0,39,1
IX-6885,8,265,200,75.52157266352324,6,86.17339399,14.362232331443716,7,6,85.71,43,1,185,1
SQ-9420,4,221,179,81.13605307068974,5,94.71925546,18.94385109235344,12,5,41.67,71,2,150,1
AI-2000,22,281,208,74.34777888565124,4,85.02771252912345,21.256928132280866,6,6,100.0,83,2,175,1
QR-826,21,299,266,89.02026410405952,3,70.86269816361103,23.62089938787034,8,8,100.0,75,1,203,0
QR-1916,6,223,182,81.78084194262182,5,71.28522648218359,14.257045296436718,10,4,40.0,51,0,109,1
SG-1287,15,170,152,89.45174158417754,6,108.77265620162242,18.12877603360374,7,6,85.71,55,0,113,1
IX-6850,18,170,141,83.08795892246637,2,39.13985954198208,19.56992977099104,12,11,91.67,85,3,32,0
SQ-7671,14,265,205,77.39815446266809,2,41.28912090273012,20.64456045136506,6,6,100.0,93,3,224,0
BA-1913,14,285,209,73.67098460120567,6,112.4093142270878,18.734885704514635,11,10,90.91,73,2,85,0
LH-9342,8,262,193,73.86322728274332,3,63.03606612106456,21.012022040354854,8,5,62.5,89,1,56,1
IX-8829,17,293,237,81.07449883994671,3,49.8666264286334,16.622208809544464,8,8,100.0,75,1,196,0
IX-8282,17,251,228,90.89116726853555,4,67.0506901,16.76267252486045,6,6,100.0,73,1,85,1
BA-2008,16,297,233,78.59185178875222,2,40.78088840165479,20.3904442008274,10,8,80.0,47,0,55,1
EK-8117,11,296,293,99.12961630848416,5,93.86113841101528,18.77222768220306,6,6,100.0,98,0,201,0
IX-8442,3,173,177,102.37070468755584,0,0.0,0.0,7,7,100.0,45,2,45,1
AI-3260,11,194,175,90.30297494475468,3,68.95836564336174,22.98612188112058,6,6,100.0,53,3,94,1
EK-2180,9,259,211,81.8467262,2,15.430162820413123,7.715081410206562,8,8,100.0,45,1,219,0
AI-6192,6,269,209,77.82745755229269,2,47.42382188011841,23.711910940059205,12,10,83.33,80,1,127,0
UK-9214,7,261,197,75.76597720881735,3,54.56311260560764,18.187704201869213,6,6,100.0,79,1,187,0
AF-294,22,167,162,97.28215950567474,2,45.17139446124487,22.58569723062244,10,7,70.0,35,2,62,1
BA-4964,3,223,191,86.08881809620597,3,47.23732090950205,15.745773636500685,12,5,41.67,74,0,169,0
IX-2196,9,340,282,83.20753104892303,1,20.28250648840637,20.28250648840637,11,10,90.91,53,3,167,0
SQ-3226,2,210,166,79.05009164298038,1,6.855660879365038,6.855660879365038,9,9,100.0,95,1,27,0
SQ-4621,11,161,169,105.0,2,16.15143104473053,8.075715522365265,6,4,66.67,46,3,48,1
KL-5445,7,217,202,93.40703024200091,4,34.55304300454843,8.638260751137107,10,10,100.0,95,0,59,0
KL-4878,1,176,143,81.53592163871492,4,78.67611884,19.66902970963605,12,12,100.0,67,1,237,0
SG-9839,7,225,180,80.00784838496935,3,64.92991121626693,21.643303738755645,10,5,50.0,79,1,177,0
KL-7352,8,171,141,82.48961064521497,4,32.69272583749871,8.173181459374678,11,6,54.55,42,3,228,1
BA-7629,13,287,244,85.35936616493554,0,0.0,0.0,8,8,100.0,59,0,147,0
SQ-5369,7,311,282,90.72140557616248,2,50.08246558277686,25.04123279138843,10,8,80.0,80,0,103,0
SQ-5867,1,287,231,80.5304141,2,51.75101733130094,25.87550866565047,12,4,33.33,64,2,135,1
UK-3750,5,206,183,89.22961646694696,4,97.56936175483123,24.39234043870781,10,10,100.0,81,2,202,0
SG-7742,21,223,187,84.29540298390437,1,9.822126834594616,9.822126834594616,10,10,100.0,83,1,163,0
6E-8186,16,305,278,91.43346435916192,2,26.405878497503416,13.202939248751708,10,7,70.0,81,0,193,0
UK-2783,9,239,178,74.74277280536339,4,70.55148534567715,17.637871336419288,7,7,100.0,52,0,81,0
KL-6792,9,321,288,90.01412613818425,3,39.31923213457192,13.106410711523973,7,6,85.71,100,0,26,0
LH-5042,11,320,328,102.7319906530704,1,5.298726291199683,5.298726291199683,8,8,100.0,67,2,227,0
SG-3832,4,301,262,87.24974337086078,3,65.83559435417884,21.94519811805961,6,6,100.0,70,0,64,1
AF-9030,5,225,197,87.72204477092356,1,6.4183517145102496,6.4183517145102496,10,4,40.0,53,2,206,0
EK-488,10,289,244,84.46254828061122,2,32.65513059,16.32756529644925,11,8,72.73,62,0,203,0
EK-7796,9,326,301,92.34943242214617,1,31.97665599166664,31.97665599166664,6,6,100.0,74,3,195,0
AF-850,4,291,219,75.48483183804387,5,67.08964208625102,13.417928417250204,11,11,100.0,49,2,174,1
AI-8979,6,218,180,82.95838609046936,4,95.7802833081696,23.945070827042404,6,4,66.67,75,1,200,0
KL-1782,23,274,234,85.68279221787625,3,54.38892902160994,18.129643007203317,8,8,100.0,73,3,234,0
SG-9379,3,229,240,105.0,2,28.72021296155187,14.360106480775936,10,9,90.0,36,2,107,1
AI-6381,18,254,203,80.26248710273096,2,23.539734112926467,11.769867056463234,10,7,70.0,97,1,92,0
EK-2460,23,242,196,81.20433313537285,1,6.292652872068979,6.292652872068979,9,9,100.0,63,2,182,0
EK-3938,22,275,279,101.52971410987097,2,14.888069701991723,7.4440348509958625,11,8,72.73,100,1,198,0
EK-301,20,259,241,93.26286903,2,61.16441514,30.58220756925435,6,6,100.0,85,0,231,0
UK-9035,16,319,281,88.15398455,4,99.62476826,24.906192064183124,6,6,100.0,44,0,56,1
IX-224,5,328,296,90.47357410288464,1,19.299167289621096,19.299167289621096,7,4,57.14,48,3,228,1
SQ-8525,17,309,289,93.63145776176113,5,70.94818075732186,14.189636151464374,9,4,44.44,85,3,138,0
6E-9579,15,286,281,98.2588554,1,15.787291951174968,15.787291951174968,12,11,91.67,73,0,76,0
KL-2848,12,197,175,88.88416967692578,4,44.92949293189755,11.232373232974387,12,11,91.67,62,0,27,0
KL-2220,7,257,221,86.22647625088925,2,43.302833484954455,21.651416742477227,7,7,100.0,37,0,226,0
QR-1033,15,164,152,92.83838667,1,24.85582959300656,24.85582959300656,7,7,100.0,61,0,114,1
AI-5651,17,316,290,91.98381238303986,6,135.2568205080263,22.542803418004382,7,5,71.43,36,3,136,1
AI-176,13,180,165,91.98508149895665,2,53.81035647185925,26.905178235929625,11,5,45.45,72,2,129,0
QR-645,5,242,224,92.62540283530632,3,45.647159492045866,15.215719830681955,11,11,100.0,37,0,39,1
QR-374,6,236,200,85.08257250793882,1,14.165536472526354,14.165536472526354,8,8,100.0,50,0,143,1
UK-8594,9,242,200,82.86365842330913,7,132.49585521066294,18.92797931580899,8,7,87.5,74,0,72,1
LH-8819,17,303,266,87.80415472,8,176.57062928379125,22.071328660473903,7,4,57.14,36,0,138,0
KL-7299,17,219,210,96.22903833822114,3,80.21808913977748,26.73936304659249,9,9,100.0,75,2,31,1
KL-6520,21,307,297,97.00676465205903,0,0.0,0.0,6,6,100.0,46,0,196,0
AF-1204,12,270,247,91.59531228763213,1,23.05401481541245,23.05401481541245,11,9,81.82,69,0,36,1
AI-763,23,211,192,91.11327601042298,2,49.06180121750453,24.530900608752265,9,8,88.89,99,1,83,0
BA-5201,12,170,178,105.0,3,52.107941986880576,17.369313995626857,10,8,80.0,89,1,61,0
UK-1208,5,210,155,73.88637399945914,1,22.76164388275155,22.76164388275155,11,8,72.73,79,3,113,1
AF-5458,19,269,223,83.00673622609409,0,0.0,0.0,11,4,36.36,96,0,176,0
6E-7501,4,324,272,83.96958754123277,1,13.88790414549532,13.88790414549532,8,4,50.0,83,0,166,0
AI-1748,7,316,265,83.98916822858983,4,78.14163355914525,19.535408389786312,6,6,100.0,59,1,30,1
QR-4405,17,244,256,105.0,4,86.48876655784399,21.622191639461,6,6,100.0,57,1,117,1
EK-967,16,292,235,80.75097498189842,1,11.750943324590033,11.750943324590033,12,8,66.67,58,2,197,1
UK-2802,9,179,148,82.70564061952474,5,94.33704548,18.86740909599676,12,5,41.67,72,0,90,1
EK-5194,9,321,257,80.14766737134732,5,88.61798016480591,17.723596032961183,12,11,91.67,62,0,127,0
LH-5558,13,271,238,88.13233832657576,2,35.85726413444901,17.928632067224505,12,5,41.67,55,3,77,1
LH-5393,10,193,161,83.51128782,8,130.0414821409608,16.25518527,10,10,100.0,88,0,53,0
QR-9424,6,286,256,89.60660878006307,1,14.198024694060733,14.198024694060733,10,5,50.0,52,0,39,1
UK-2273,22,174,134,77.10526842646743,6,102.08800908356102,17.014668180593503,11,11,100.0,70,1,69,0
AF-4257,9,332,260,78.55982698,3,64.23780636206877,21.412602120689588,7,7,100.0,79,0,121,0
LH-2092,16,308,256,83.16764163,2,30.318650479207044,15.159325239603522,8,8,100.0,87,0,235,0
SG-7154,19,315,264,84.03162216,1,16.374905658264794,16.374905658264794,8,5,62.5,64,3,157,0
6E-299,18,266,279,105.0,2,40.96729384135425,20.483646920677124,12,10,83.33,94,0,179,1
EK-454,13,231,206,89.51830000857848,4,101.65553296148178,25.41388324037045,11,9,81.82,66,3,71,1
6E-527,18,327,301,92.05338254986988,0,0.0,0.0,9,7,77.78,62,3,34,1
SG-8869,7,231,183,79.48825173196491,3,68.08568516162165,22.69522838720722,7,7,100.0,78,0,103,0
BA-4304,22,326,299,91.74130841273544,0,0.0,0.0,11,7,63.64,75,2,150,0
LH-7314,10,176,163,92.95646530843598,3,64.21025976796601,21.40341992265533,7,5,71.43,97,0,56,0
UK-2119,7,166,138,83.36475043962258,7,115.93376780562376,16.561966829374825,7,7,100.0,57,3,145,0
KL-7267,3,253,216,85.38952749450091,3,41.838190631842174,13.94606354394739,7,7,100.0,82,3,59,0
KL-3486,10,304,289,95.17481148007172,4,109.89052083896853,27.472630209742128,11,5,45.45,66,0,91,1
SG-3814,3,293,258,88.10273689720948,1,21.240765981288064,21.240765981288064,12,8,66.67,91,3,59,1
SG-5710,22,300,250,83.58439135306224,6,105.11630845180515,17.519384741967524,8,4,50.0,67,1,75,1
KL-3725,23,181,149,82.68735433160171,1,15.583680356392888,15.583680356392888,8,8,100.0,58,2,170,0
EK-3236,10,294,224,76.48810733260147,2,52.601389320412494,26.300694660206247,12,11,91.67,73,0,123,0
QR-5045,13,294,240,81.90744030336842,0,0.0,0.0,7,7,100.0,68,0,158,0
KL-1446,3,169,151,89.7702044,2,50.49719012371014,25.24859506185507,9,8,88.89,90,0,129,1
BA-5698,17,280,247,88.36492583250933,1,5.986784093020566,5.986784093020566,6,6,100.0,62,0,211,0
KL-3752,15,317,247,78.08495942576084,5,95.29445966812482,19.058891933624963,11,5,45.45,71,0,155,0
AF-6479,18,313,269,86.24965745450626,2,48.63248344827542,24.31624172413771,6,4,66.67,41,1,112,0
UK-2470,22,261,226,86.83800646866399,3,54.07081766373173,18.023605887910577,12,10,83.33,71,0,113,0
IX-4561,3,257,222,86.62315151921027,2,46.0460693,23.02303465,9,9,100.0,90,1,75,1
AF-8238,8,301,264,88.03357909378036,3,55.471610428483785,18.4905368094946,11,5,45.45,99,2,79,1
